Media Source,Tweet,Date,Compound,Positive,Neutral,Negative,Tweets Ago
BBC News (UK),"RT @BBCSport: Jamie Carragher has apologised for the ""awful"" spitting incident which has led to his suspension by Sky Sports. 

Watch/read:‚Ä¶",Mon Mar 12 20:25:56 +0000 2018,0.1027,0.065,0.935,0.0,1
BBC News (UK),Chloe Miazek death: Mark Bruce admits Aberdeen killing https://t.co/U4MylRiE0T,Mon Mar 12 19:17:43 +0000 2018,-0.7964,0.133,0.364,0.503,2
BBC News (UK),Mesh surgeon removed ovaries without prior consent https://t.co/TvYyMDqJer,Mon Mar 12 19:12:59 +0000 2018,-0.1695,0.0,0.808,0.192,3
BBC News (UK),"RT @BBCSport: Eddie Jones is open to bringing in an another coach to help with England's stuttering attack.

https://t.co/AOvhpSh6aT https:‚Ä¶",Mon Mar 12 19:08:15 +0000 2018,-0.4019,0.108,0.677,0.215,4
BBC News (UK),Coronation Street unveils new on-set memorial to Manchester Arena victims https://t.co/cyS7F2KY3t,Mon Mar 12 18:45:31 +0000 2018,-0.3182,0.0,0.813,0.187,5
BBC News (UK),"RT @bbcouch: Why is drinking water so bad for snowboarders?

https://t.co/BTPuQiXEzc

#PyongChang2018
#WinterParalympics 
#snowboarding 
#s‚Ä¶",Mon Mar 12 18:34:24 +0000 2018,-0.6696,0.0,0.757,0.243,6
BBC News (UK),RT @BBCWorldatOne: A comedy ‚Äúnorthern powerhouse‚Äù - fellow music hall great Roy Hudd pays tribute to his friend Ken Dodd #wato https://t.co‚Ä¶,Mon Mar 12 18:28:59 +0000 2018,0.8689,0.366,0.634,0.0,7
BBC News (UK),"RT @BBCJonSopel: Now that @theresa_may has confirmed that nerve agent used was developed by #Russia, will there be condemnation from @realD‚Ä¶",Mon Mar 12 18:23:43 +0000 2018,-0.5859,0.0,0.84,0.16,8
BBC News (UK),"Russia reacts to @theresa_may statement on Salisbury poisoning

https://t.co/YWafirbA4f https://t.co/lcq66qBqEi",Mon Mar 12 17:51:05 +0000 2018,-0.5859,0.0,0.703,0.297,9
BBC News (UK),"Salisbury poisoning was ""indiscriminate and reckless act against the United Kingdom"" - PM @Theresa_May‚Ä¶ https://t.co/OvJSdy4fjr",Mon Mar 12 17:38:37 +0000 2018,-0.5719,0.138,0.542,0.32,10
BBC News (UK),RT @BBCAlagiah: Theresa May says ‚Äúno question of business as usual‚Äù with Russia after revealing military grade nerve agent was used in Sali‚Ä¶,Mon Mar 12 17:23:58 +0000 2018,0.0,0.0,1.0,0.0,11
BBC News (UK),"Highly likely Russia behind spy attack, says Theresa May https://t.co/xhB0JRclb3",Mon Mar 12 17:19:37 +0000 2018,-0.4767,0.0,0.744,0.256,12
BBC News (UK),"RT @BBCBreaking: Former Russian spy &amp; his daughter poisoned in Salisbury by ""military grade nerve agent of a type developed by Russia"" - UK‚Ä¶",Mon Mar 12 17:15:51 +0000 2018,-0.4939,0.0,0.868,0.132,13
BBC News (UK),"Celibacy and abstinence should be promoted as ""positive life choices"" says @c_of_e 

https://t.co/XVe6ZoyZdM",Mon Mar 12 16:31:07 +0000 2018,0.7506,0.368,0.632,0.0,14
BBC News (UK),Tube push attempted murder: Alan Alencar sectioned https://t.co/uyjgPeZbR1,Mon Mar 12 16:27:03 +0000 2018,-0.6908,0.0,0.598,0.402,15
BBC News (UK),Giant panda breeding programme at Edinburgh Zoo suspended https://t.co/m1XJBJpLOX,Mon Mar 12 16:09:35 +0000 2018,-0.4767,0.0,0.721,0.279,16
BBC News (UK),Kathmandu airport crash: Footage shows wreckage of plane crash that killed at least 49 people.‚Ä¶ https://t.co/ZYDXT4CnAY,Mon Mar 12 15:58:17 +0000 2018,-0.872,0.0,0.568,0.432,17
BBC News (UK),Millennial 26-30 railcard to launch nationwide https://t.co/1MLG2uIQ9l,Mon Mar 12 15:47:44 +0000 2018,0.0,0.0,1.0,0.0,18
BBC News (UK),Meghan Markle joins Queen for Commonwealth Day service https://t.co/DmeAd0hsHG,Mon Mar 12 15:34:09 +0000 2018,0.0,0.0,1.0,0.0,19
BBC News (UK),"RT @BBCParliament: Speaker John Bercow is chairing question-time at the moment. At around 4pm, Caroline Lucas asks an urgent question about‚Ä¶",Mon Mar 12 15:21:12 +0000 2018,0.2023,0.083,0.917,0.0,20
BBC News (UK),"RT @BBCSport: Jamie Carragher has apologised for the ""awful"" spitting incident which has led to his suspension by Sky Sports. 

Watch/read:‚Ä¶",Mon Mar 12 20:25:56 +0000 2018,0.1027,0.065,0.935,0.0,21
BBC News (UK),Chloe Miazek death: Mark Bruce admits Aberdeen killing https://t.co/U4MylRiE0T,Mon Mar 12 19:17:43 +0000 2018,-0.7964,0.133,0.364,0.503,22
BBC News (UK),Mesh surgeon removed ovaries without prior consent https://t.co/TvYyMDqJer,Mon Mar 12 19:12:59 +0000 2018,-0.1695,0.0,0.808,0.192,23
BBC News (UK),"RT @BBCSport: Eddie Jones is open to bringing in an another coach to help with England's stuttering attack.

https://t.co/AOvhpSh6aT https:‚Ä¶",Mon Mar 12 19:08:15 +0000 2018,-0.4019,0.108,0.677,0.215,24
BBC News (UK),Coronation Street unveils new on-set memorial to Manchester Arena victims https://t.co/cyS7F2KY3t,Mon Mar 12 18:45:31 +0000 2018,-0.3182,0.0,0.813,0.187,25
BBC News (UK),"RT @bbcouch: Why is drinking water so bad for snowboarders?

https://t.co/BTPuQiXEzc

#PyongChang2018
#WinterParalympics 
#snowboarding 
#s‚Ä¶",Mon Mar 12 18:34:24 +0000 2018,-0.6696,0.0,0.757,0.243,26
BBC News (UK),RT @BBCWorldatOne: A comedy ‚Äúnorthern powerhouse‚Äù - fellow music hall great Roy Hudd pays tribute to his friend Ken Dodd #wato https://t.co‚Ä¶,Mon Mar 12 18:28:59 +0000 2018,0.8689,0.366,0.634,0.0,27
BBC News (UK),"RT @BBCJonSopel: Now that @theresa_may has confirmed that nerve agent used was developed by #Russia, will there be condemnation from @realD‚Ä¶",Mon Mar 12 18:23:43 +0000 2018,-0.5859,0.0,0.84,0.16,28
BBC News (UK),"Russia reacts to @theresa_may statement on Salisbury poisoning

https://t.co/YWafirbA4f https://t.co/lcq66qBqEi",Mon Mar 12 17:51:05 +0000 2018,-0.5859,0.0,0.703,0.297,29
BBC News (UK),"Salisbury poisoning was ""indiscriminate and reckless act against the United Kingdom"" - PM @Theresa_May‚Ä¶ https://t.co/OvJSdy4fjr",Mon Mar 12 17:38:37 +0000 2018,-0.5719,0.138,0.542,0.32,30
BBC News (UK),RT @BBCAlagiah: Theresa May says ‚Äúno question of business as usual‚Äù with Russia after revealing military grade nerve agent was used in Sali‚Ä¶,Mon Mar 12 17:23:58 +0000 2018,0.0,0.0,1.0,0.0,31
BBC News (UK),"Highly likely Russia behind spy attack, says Theresa May https://t.co/xhB0JRclb3",Mon Mar 12 17:19:37 +0000 2018,-0.4767,0.0,0.744,0.256,32
BBC News (UK),"RT @BBCBreaking: Former Russian spy &amp; his daughter poisoned in Salisbury by ""military grade nerve agent of a type developed by Russia"" - UK‚Ä¶",Mon Mar 12 17:15:51 +0000 2018,-0.4939,0.0,0.868,0.132,33
BBC News (UK),"Celibacy and abstinence should be promoted as ""positive life choices"" says @c_of_e 

https://t.co/XVe6ZoyZdM",Mon Mar 12 16:31:07 +0000 2018,0.7506,0.368,0.632,0.0,34
BBC News (UK),Tube push attempted murder: Alan Alencar sectioned https://t.co/uyjgPeZbR1,Mon Mar 12 16:27:03 +0000 2018,-0.6908,0.0,0.598,0.402,35
BBC News (UK),Giant panda breeding programme at Edinburgh Zoo suspended https://t.co/m1XJBJpLOX,Mon Mar 12 16:09:35 +0000 2018,-0.4767,0.0,0.721,0.279,36
BBC News (UK),Kathmandu airport crash: Footage shows wreckage of plane crash that killed at least 49 people.‚Ä¶ https://t.co/ZYDXT4CnAY,Mon Mar 12 15:58:17 +0000 2018,-0.872,0.0,0.568,0.432,37
BBC News (UK),Millennial 26-30 railcard to launch nationwide https://t.co/1MLG2uIQ9l,Mon Mar 12 15:47:44 +0000 2018,0.0,0.0,1.0,0.0,38
BBC News (UK),Meghan Markle joins Queen for Commonwealth Day service https://t.co/DmeAd0hsHG,Mon Mar 12 15:34:09 +0000 2018,0.0,0.0,1.0,0.0,39
BBC News (UK),"RT @BBCParliament: Speaker John Bercow is chairing question-time at the moment. At around 4pm, Caroline Lucas asks an urgent question about‚Ä¶",Mon Mar 12 15:21:12 +0000 2018,0.2023,0.083,0.917,0.0,40
BBC News (UK),"Allegations of bullying in parliament set to be raised in the Commons

https://t.co/NW9DjYGjzE https://t.co/LPgbZKBIpI",Mon Mar 12 15:16:38 +0000 2018,-0.5994,0.0,0.769,0.231,41
BBC News (UK),Jamie Carragher: Former Liverpool defender suspended by Sky Sports after spitting incident https://t.co/CQ5FmUG8xq,Mon Mar 12 14:23:09 +0000 2018,-0.4019,0.09,0.71,0.2,42
BBC News (UK),"RT @BBCSport: Jamie Carragher has been suspended by Sky Sports after a video showed him spitting towards a girl.

Full story: https://t.co/‚Ä¶",Mon Mar 12 14:13:41 +0000 2018,-0.4767,0.0,0.86,0.14,43
BBC News (UK),"RT @BBCSteveR: At a grain centre in Krasnodar, I just asked #Putin if Russia is behind Skripal poisoning: ""We're dealing with agriculture h‚Ä¶",Mon Mar 12 14:13:31 +0000 2018,-0.5859,0.0,0.84,0.16,44
BBC News (UK),Parsons Green: Tube bomb accused 'blamed West for father's death' https://t.co/Ine2ZFcv9s,Mon Mar 12 14:10:27 +0000 2018,-0.9081,0.0,0.361,0.639,45
BBC News (UK),Kurdish protesters close Humber Bridge https://t.co/rKxO0tHBmG,Mon Mar 12 14:10:27 +0000 2018,-0.2263,0.0,0.725,0.275,46
BBC News (UK),"BBC appeals to UN to stop Iran from harassing @bbcpersian service staff in London and their families in Iran

https://t.co/osV8JaVaww",Mon Mar 12 13:43:06 +0000 2018,-0.6908,0.0,0.759,0.241,47
BBC News (UK),RT @BBCNewsGraphics: Life in Vladimir Putin's Russia explained in 10 charts https://t.co/oeLK5OrB6X https://t.co/xxdfvrfZuW,Mon Mar 12 13:22:13 +0000 2018,0.0,0.0,1.0,0.0,48
BBC News (UK),"RT @BBCWorld: Have hopes for another toddler  invasion been dashed? üö™ üëßüë∂
https://t.co/G3tXBwsrVf",Mon Mar 12 13:17:37 +0000 2018,0.4215,0.203,0.797,0.0,49
BBC News (UK),"""The world has lost a brilliant, creative comedian.....who just wanted to make people happy."" Kenn Dodd's wife Anne‚Ä¶ https://t.co/8rGo6biVPU",Mon Mar 12 13:02:22 +0000 2018,0.6597,0.279,0.625,0.096,50
BBC News (UK),RT @BBCNWT: Tribute from Ken Dodd's wife Anne outside the couple's home in Knotty Ash this morning. . https://t.co/VeFNUIT0ai,Mon Mar 12 12:44:12 +0000 2018,0.0,0.0,1.0,0.0,51
BBC News (UK),The Beatles: Hundreds of unseen photos show early US concerts https://t.co/eFCbR7dACM,Mon Mar 12 12:41:12 +0000 2018,0.0,0.0,1.0,0.0,52
BBC News (UK),Cafe Rouge owner reports ¬£60m loss as restaurants struggle https://t.co/FKunvfErjX,Mon Mar 12 12:36:37 +0000 2018,-0.5574,0.0,0.635,0.365,53
BBC News (UK),"Sex education: Schools 'should promote celibacy', says Church of England https://t.co/6S3VYxS1oM",Mon Mar 12 12:22:30 +0000 2018,0.3818,0.206,0.794,0.0,54
BBC News (UK),"UK should set date for everyone to speak English, says Casey https://t.co/kynOrikIzK",Mon Mar 12 11:50:59 +0000 2018,0.0,0.0,1.0,0.0,55
BBC News (UK),Teenager jailed for London moped acid attacks https://t.co/0N5pGH0FJz,Mon Mar 12 11:45:20 +0000 2018,-0.7269,0.0,0.496,0.504,56
BBC News (UK),"Sir Ken Dodd, the king of goofy gags has died aged 90. Here's a look back at his comedy legacy.‚Ä¶ https://t.co/pb1v6I8jTy",Mon Mar 12 11:32:22 +0000 2018,-0.2732,0.104,0.747,0.149,57
BBC News (UK),England cricketer Ben Stokes denies affray charge https://t.co/31TXah6pzd,Mon Mar 12 11:09:16 +0000 2018,-0.4215,0.0,0.714,0.286,58
BBC News (UK),GKN faces new ¬£8.1bn Melrose bid in takeover battle https://t.co/0va7HUByJ1,Mon Mar 12 09:33:38 +0000 2018,-0.3818,0.0,0.776,0.224,59
BBC News (UK),Mark McDonald says he is 'morally justified' remaining an MSP https://t.co/pZTjs8FIaM,Mon Mar 12 08:57:21 +0000 2018,0.4019,0.213,0.787,0.0,60
BBC News (UK),RT @SallyBundockBBC: We discuss the latest revelations from #SpaceX #Tesla boss @elonmusk on #BBCBizLive. What do you think? Could life on‚Ä¶,Mon Mar 12 08:42:18 +0000 2018,0.0,0.0,1.0,0.0,61
BBC News (UK),Crufts' live final disrupted by Peta animal activists https://t.co/TGaRDHmzHi,Mon Mar 12 08:00:35 +0000 2018,0.0,0.0,1.0,0.0,62
BBC News (UK),Jamie Carragher: Former Liverpool defender apologises for spitting incident https://t.co/tgJaudZbdj,Mon Mar 12 06:11:42 +0000 2018,0.296,0.286,0.714,0.0,63
BBC News (UK),Russian spy: May to meet ministers to discuss evidence https://t.co/x7jHp3lcUX,Mon Mar 12 05:14:35 +0000 2018,0.0,0.0,1.0,0.0,64
BBC News (UK),Liverpool Prison workers fired for raising safety fears https://t.co/J6RV2xP1W2,Mon Mar 12 05:02:50 +0000 2018,-0.7845,0.16,0.286,0.554,65
BBC News (UK),Concerns over Coventry brain surgeon's operations https://t.co/MCYGouXEOr,Mon Mar 12 04:50:45 +0000 2018,0.0,0.0,1.0,0.0,66
BBC News (UK),Ex-housing boss got 'excessive' ¬£1m payout without approval https://t.co/HZcHdk2zfn,Mon Mar 12 04:50:45 +0000 2018,-0.3724,0.0,0.758,0.242,67
BBC News (UK),Northamptonshire County Council: ¬£10m public health grant probe https://t.co/m2Ryp6C8Am,Mon Mar 12 04:50:45 +0000 2018,0.3612,0.238,0.762,0.0,68
BBC News (UK),Post-Brexit border checks 'may triple queues' to port https://t.co/eeTApmNbSb,Mon Mar 12 04:19:52 +0000 2018,0.0,0.0,1.0,0.0,69
BBC News (UK),"RT @SallyBundockBBC: Share your #KenDodd memories with us #BBCTheBriefing. Does this mark the end of an era in British entertainment?  ""To‚Ä¶",Mon Mar 12 03:57:50 +0000 2018,0.6124,0.208,0.792,0.0,70
BBC News (UK),"Degrees courses to be rated gold, silver and bronze https://t.co/7dleHOi7iq",Mon Mar 12 03:51:07 +0000 2018,0.0,0.0,1.0,0.0,71
BBC News (UK),UK military credibility 'at risk' over cuts https://t.co/6y4lUg8U3p,Mon Mar 12 03:43:13 +0000 2018,-0.5106,0.0,0.583,0.417,72
BBC News (UK),Row as Labour's Debbie Abrahams leaves front bench https://t.co/oShQswClsD,Mon Mar 12 02:27:53 +0000 2018,0.0,0.0,1.0,0.0,73
BBC News (UK),"Sir Ken Dodd dies, publicist says https://t.co/1OngqQEnQc",Mon Mar 12 01:40:53 +0000 2018,0.0,0.0,1.0,0.0,74
BBC News (UK),London mayor Sadiq Khan warns big tech on hate speech https://t.co/u0jYXegse5,Mon Mar 12 00:51:31 +0000 2018,-0.6249,0.0,0.638,0.362,75
BBC News (UK),Abingdon vicar who 'spiritually abused' boy gets two-year ban https://t.co/vVazzN96Zq,Sun Mar 11 23:07:22 +0000 2018,-0.7845,0.0,0.537,0.463,76
BBC News (UK),Dog 'hanging' video appears on Facebook https://t.co/ZJZlbXOMzC,Sun Mar 11 23:02:20 +0000 2018,0.0,0.0,1.0,0.0,77
BBC News (UK),Brexit: Backlash for Cable over 'white nostalgia' comment https://t.co/0fMBziK9Pe,Sun Mar 11 22:31:35 +0000 2018,0.0,0.0,1.0,0.0,78
BBC News (UK),Lanhydrock National Trust cream tea advert sparks outrage https://t.co/5PEwGwI4RC,Sun Mar 11 19:48:50 +0000 2018,0.0,0.243,0.515,0.243,79
BBC News (UK),Kings Cross station closed amid Pro-Kurdish demo https://t.co/QskpSKcZC2,Sun Mar 11 19:13:48 +0000 2018,0.0,0.0,1.0,0.0,80
BBC News (UK),RT @BBCDomC: Salisbury nerve agent risk: Public Health England publish the following advice to people who were in the two contaminated loca‚Ä¶,Sun Mar 11 17:46:35 +0000 2018,-0.2732,0.0,0.909,0.091,81
BBC News (UK),Manchester Piccadilly railway station reopens after about 100 protesters stormed the railway lines https://t.co/OX63zqpMTN,Sun Mar 11 16:56:37 +0000 2018,-0.2263,0.0,0.872,0.128,82
BBC News (UK),TfL ban pro-France Brexit advert from Tube stations https://t.co/h9dS99dX6Q,Sun Mar 11 16:28:40 +0000 2018,-0.5574,0.0,0.69,0.31,83
BBC News (UK),RT @BBCDomC: Salisbury nerve agent:  BBC understands it was found on and around the table where Sergei and Yulia Scripal sat at the pizzeri‚Ä¶,Sun Mar 11 15:11:22 +0000 2018,0.0,0.0,1.0,0.0,84
BBC News (UK),Momentum chief Jon Lansman drops Labour general secretary bid https://t.co/sC9Tv2oeZP,Sun Mar 11 14:53:02 +0000 2018,0.0,0.0,1.0,0.0,85
BBC News (UK),Restaurants warn chancellor over 'damaging closures' https://t.co/FsTtGVYxFh,Sun Mar 11 14:45:18 +0000 2018,-0.5719,0.0,0.515,0.485,86
BBC News (UK),"Brexit: Older Leave voters nostalgic for 'white' Britain, says Cable https://t.co/zs5REpdoA4",Sun Mar 11 14:25:53 +0000 2018,-0.0516,0.0,0.893,0.107,87
BBC News (UK),Manchester Piccadilly trains halted by protestors https://t.co/KQPCfXJp6c,Sun Mar 11 14:06:36 +0000 2018,0.0,0.0,1.0,0.0,88
BBC News (UK),"RT @BBCSteveR: ""Deadly place"": Russian state TV today surmises that Britain poisoned Sergei Skripal. ""Only the British stand to benefit...t‚Ä¶",Sun Mar 11 13:58:02 +0000 2018,-0.4939,0.0,0.856,0.144,89
BBC News (UK),Gove and Davidson in fisheries control call https://t.co/er7PANS9WZ,Sun Mar 11 13:29:44 +0000 2018,0.0,0.0,1.0,0.0,90
BBC News (UK),Union urges Ford to make electric move https://t.co/BQNszAVXn6,Sun Mar 11 13:29:42 +0000 2018,0.0,0.0,1.0,0.0,91
BBC News (UK),"RT @BBCDomC: Salisbury District Hospital say that condition of Sergei and Yulia Scripal remains ""critical"" but stable. Det Sgt Nick Bailey‚Ä¶",Sun Mar 11 12:51:12 +0000 2018,0.4215,0.123,0.877,0.0,92
BBC News (UK),RT @BBCDomC: Anyone who has had contact with trace of the agent found in the locations **is not currently at risk** - but there is a theore‚Ä¶,Sun Mar 11 12:49:49 +0000 2018,0.0,0.0,1.0,0.0,93
BBC News (UK),"RT @BBCDomC: Jenny Harries, Public Health England. Rigorous analysis in last few days has shown some limited contamination in the Mill Pub‚Ä¶",Sun Mar 11 12:47:35 +0000 2018,-0.4588,0.0,0.833,0.167,94
BBC News (UK),RT @BBCDomC: Message to the public in Salisbury: Large parts of your city are still cordoned off - it is of vital importance that the integ‚Ä¶,Sun Mar 11 12:47:28 +0000 2018,0.5719,0.17,0.83,0.0,95
BBC News (UK),RT @BBCDomC: Chief Constable Pritchard says the scope of the investigation has reached from the local to the global,Sun Mar 11 12:42:18 +0000 2018,0.1027,0.072,0.928,0.0,96
BBC News (UK),"RT @BBCDomC: Chief Constable Kier Pritchard, Wiltshire Police: Seven days ago, my staff attended the first report of a male and female who‚Ä¶",Sun Mar 11 12:37:57 +0000 2018,0.0,0.0,1.0,0.0,97
BBC News (UK),"RT @BBCDomC: First speaking, Chief Fire Officer Ben Ansell. There has been careful removal of potentially contaminated items from the city.‚Ä¶",Sun Mar 11 12:35:25 +0000 2018,-0.2023,0.07,0.826,0.104,98
BBC News (UK),RT @BBCDomC: LIVE NOW: Salisbury nerve agent press conference,Sun Mar 11 12:35:22 +0000 2018,0.0,0.0,1.0,0.0,99
BBC News (UK),"RT @bbc5live: Meet the man who did keepy-uppies up Everest!

üí™üò≤‚öΩÔ∏è https://t.co/17WXRo3dil",Sun Mar 11 12:07:22 +0000 2018,0.0,0.0,1.0,0.0,100
CBS,RT @thegoodfight: The verdict is in. The new season of #TheGoodFight is üî•üî•üî•! Stream it now on CBS All Access: https://t.co/FkYSNSXlRb https‚Ä¶,Mon Mar 12 18:13:28 +0000 2018,0.2244,0.083,0.917,0.0,1
CBS,"RT @MadamSecretary: In less than an hour, #MadamSecretary's Keith Carradine will be taking over the @MadamSecretary Twitter page! Tweet alo‚Ä¶",Mon Mar 12 01:20:43 +0000 2018,0.0,0.0,1.0,0.0,2
CBS,RT @DierksBentley: Take and post a photo of the woman in your life who inspires you daily! Use the hashtag #WomanAmenACM in your post for a‚Ä¶,Fri Mar 09 22:48:26 +0000 2018,0.4926,0.117,0.883,0.0,3
CBS,"RT @MomCBS: If you missed guest star @KChenoweth in the latest episode of #Mom, not to worry! Watch now: https://t.co/RlvXoGOZ0l https://t.‚Ä¶",Fri Mar 09 22:24:20 +0000 2018,0.1275,0.113,0.795,0.092,4
CBS,"Give a round of applause to @KelseaBallerini, @MirandaLambert, @Reba, @MarenMorris, and @CarrieUnderwood, the five‚Ä¶ https://t.co/Ncp1BTXx6N",Fri Mar 09 21:10:21 +0000 2018,0.4215,0.177,0.823,0.0,5
CBS,"RT @thegoodfight: Smart, sexy, and sophisticated. See what's coming this season on #TheGoodFight. https://t.co/CuKhx2G50P https://t.co/ygTI‚Ä¶",Fri Mar 09 18:27:28 +0000 2018,0.8658,0.447,0.553,0.0,6
CBS,RT @BlueBloods_CBS: Even stand-up guys fall down sometimes. #BlueBloods is new tonight at 10/9c! https://t.co/UOlDm22wWW,Fri Mar 09 16:02:27 +0000 2018,0.0,0.0,1.0,0.0,7
CBS,Today and every day we celebrate the women in our lives who empower and inspire us. Share a story about an¬†influent‚Ä¶ https://t.co/9rVtqrElvT,Thu Mar 08 18:00:49 +0000 2018,0.8625,0.336,0.664,0.0,8
CBS,Take and post a photo of the woman in your life who inspires you daily! Use the hashtag #WomanAmenACM in your post‚Ä¶ https://t.co/7ShhvE48zy,Thu Mar 08 17:03:04 +0000 2018,0.4926,0.132,0.868,0.0,9
CBS,"RT @thegoodfight: Meticulously constructed. Soapy &amp; sexy. Intoxicating, savage television. üî• Here's what critics are saying about #TheGoodF‚Ä¶",Wed Mar 07 18:39:10 +0000 2018,-0.2023,0.15,0.619,0.23,10
CBS,"This just in! @Jason_Aldean, @mirandalambert, @LukeBryanOnline, and many more are set to perform at the 53rd Academ‚Ä¶ https://t.co/mfxw2VxzU4",Wed Mar 07 17:06:02 +0000 2018,0.0,0.0,1.0,0.0,11
CBS,"Meet the ensemble of talented actors slated to join $1, a new mystery series coming to CBS All Access:‚Ä¶ https://t.co/QoyYv7vxwg",Tue Mar 06 18:10:59 +0000 2018,0.6705,0.244,0.756,0.0,12
CBS,"Will @Jason_Aldean, @garthbrooks, @LukeBryanOnline, @ChrisStapleton, or @KeithUrban be named Entertainer Of The Yea‚Ä¶ https://t.co/rMD8zjeX3s",Mon Mar 05 22:16:43 +0000 2018,0.3818,0.167,0.833,0.0,13
CBS,"RT @thegoodfight: It feels good to be back. üë†üíÑüî• The season 2 premiere of #TheGoodFight is now streaming, exclusively on CBS All Access: htt‚Ä¶",Sun Mar 04 08:05:26 +0000 2018,0.4404,0.116,0.884,0.0,14
CBS,"RT @thegoodfight: Tomorrow, #TheGoodFight is back. Stream the season 2 premiere only on CBS All Access: https://t.co/tNFR8LBJO2 https://t.c‚Ä¶",Sat Mar 03 20:55:20 +0000 2018,0.0,0.0,1.0,0.0,15
CBS,"Who are the trailblazing women in your life that inspire you? Join CBS and the ANA's #SeeHer initiative, celebratin‚Ä¶ https://t.co/M0KqZ41Bes",Fri Mar 02 22:30:01 +0000 2018,0.7096,0.247,0.753,0.0,16
CBS,"Join @maria_bello, @aishatyler and @TeaLeoni in celebrating the accomplishments of women who have contributed to th‚Ä¶ https://t.co/MefESBeFL3",Fri Mar 02 20:30:01 +0000 2018,0.7096,0.282,0.718,0.0,17
CBS,"In honor of Women's History Month, CBS and the Association of National Advertisers' (ANA) #SeeHer initiative will p‚Ä¶ https://t.co/2wtYxKJVuO",Fri Mar 02 18:45:00 +0000 2018,0.4939,0.151,0.849,0.0,18
CBS,RT @ZoeListerJones: Tonight‚Äôs an all new Life In Pieces and it‚Äôs directed by my ride or die @nataliaanderson!!!‚Ä¶ https://t.co/2LPfmyLWrY,Thu Mar 01 18:59:01 +0000 2018,-0.6981,0.0,0.79,0.21,19
CBS,"RT @MarenMorris: Hot damn! Woke up from my post-wisdom teeth haze to find out I‚Äôm up for 4 @ACMawards ! So honored, especially for the Dear‚Ä¶",Thu Mar 01 18:12:57 +0000 2018,0.4547,0.159,0.749,0.092,20
CBS,RT @thegoodfight: The verdict is in. The new season of #TheGoodFight is üî•üî•üî•! Stream it now on CBS All Access: https://t.co/FkYSNSXlRb https‚Ä¶,Mon Mar 12 18:13:28 +0000 2018,0.2244,0.083,0.917,0.0,21
CBS,"RT @MadamSecretary: In less than an hour, #MadamSecretary's Keith Carradine will be taking over the @MadamSecretary Twitter page! Tweet alo‚Ä¶",Mon Mar 12 01:20:43 +0000 2018,0.0,0.0,1.0,0.0,22
CBS,RT @DierksBentley: Take and post a photo of the woman in your life who inspires you daily! Use the hashtag #WomanAmenACM in your post for a‚Ä¶,Fri Mar 09 22:48:26 +0000 2018,0.4926,0.117,0.883,0.0,23
CBS,"RT @MomCBS: If you missed guest star @KChenoweth in the latest episode of #Mom, not to worry! Watch now: https://t.co/RlvXoGOZ0l https://t.‚Ä¶",Fri Mar 09 22:24:20 +0000 2018,0.1275,0.113,0.795,0.092,24
CBS,"Give a round of applause to @KelseaBallerini, @MirandaLambert, @Reba, @MarenMorris, and @CarrieUnderwood, the five‚Ä¶ https://t.co/Ncp1BTXx6N",Fri Mar 09 21:10:21 +0000 2018,0.4215,0.177,0.823,0.0,25
CBS,"RT @thegoodfight: Smart, sexy, and sophisticated. See what's coming this season on #TheGoodFight. https://t.co/CuKhx2G50P https://t.co/ygTI‚Ä¶",Fri Mar 09 18:27:28 +0000 2018,0.8658,0.447,0.553,0.0,26
CBS,RT @BlueBloods_CBS: Even stand-up guys fall down sometimes. #BlueBloods is new tonight at 10/9c! https://t.co/UOlDm22wWW,Fri Mar 09 16:02:27 +0000 2018,0.0,0.0,1.0,0.0,27
CBS,Today and every day we celebrate the women in our lives who empower and inspire us. Share a story about an¬†influent‚Ä¶ https://t.co/9rVtqrElvT,Thu Mar 08 18:00:49 +0000 2018,0.8625,0.336,0.664,0.0,28
CBS,Take and post a photo of the woman in your life who inspires you daily! Use the hashtag #WomanAmenACM in your post‚Ä¶ https://t.co/7ShhvE48zy,Thu Mar 08 17:03:04 +0000 2018,0.4926,0.132,0.868,0.0,29
CBS,"RT @thegoodfight: Meticulously constructed. Soapy &amp; sexy. Intoxicating, savage television. üî• Here's what critics are saying about #TheGoodF‚Ä¶",Wed Mar 07 18:39:10 +0000 2018,-0.2023,0.15,0.619,0.23,30
CBS,"This just in! @Jason_Aldean, @mirandalambert, @LukeBryanOnline, and many more are set to perform at the 53rd Academ‚Ä¶ https://t.co/mfxw2VxzU4",Wed Mar 07 17:06:02 +0000 2018,0.0,0.0,1.0,0.0,31
CBS,"Meet the ensemble of talented actors slated to join $1, a new mystery series coming to CBS All Access:‚Ä¶ https://t.co/QoyYv7vxwg",Tue Mar 06 18:10:59 +0000 2018,0.6705,0.244,0.756,0.0,32
CBS,"Will @Jason_Aldean, @garthbrooks, @LukeBryanOnline, @ChrisStapleton, or @KeithUrban be named Entertainer Of The Yea‚Ä¶ https://t.co/rMD8zjeX3s",Mon Mar 05 22:16:43 +0000 2018,0.3818,0.167,0.833,0.0,33
CBS,"RT @thegoodfight: It feels good to be back. üë†üíÑüî• The season 2 premiere of #TheGoodFight is now streaming, exclusively on CBS All Access: htt‚Ä¶",Sun Mar 04 08:05:26 +0000 2018,0.4404,0.116,0.884,0.0,34
CBS,"RT @thegoodfight: Tomorrow, #TheGoodFight is back. Stream the season 2 premiere only on CBS All Access: https://t.co/tNFR8LBJO2 https://t.c‚Ä¶",Sat Mar 03 20:55:20 +0000 2018,0.0,0.0,1.0,0.0,35
CBS,"Who are the trailblazing women in your life that inspire you? Join CBS and the ANA's #SeeHer initiative, celebratin‚Ä¶ https://t.co/M0KqZ41Bes",Fri Mar 02 22:30:01 +0000 2018,0.7096,0.247,0.753,0.0,36
CBS,"Join @maria_bello, @aishatyler and @TeaLeoni in celebrating the accomplishments of women who have contributed to th‚Ä¶ https://t.co/MefESBeFL3",Fri Mar 02 20:30:01 +0000 2018,0.7096,0.282,0.718,0.0,37
CBS,"In honor of Women's History Month, CBS and the Association of National Advertisers' (ANA) #SeeHer initiative will p‚Ä¶ https://t.co/2wtYxKJVuO",Fri Mar 02 18:45:00 +0000 2018,0.4939,0.151,0.849,0.0,38
CBS,RT @ZoeListerJones: Tonight‚Äôs an all new Life In Pieces and it‚Äôs directed by my ride or die @nataliaanderson!!!‚Ä¶ https://t.co/2LPfmyLWrY,Thu Mar 01 18:59:01 +0000 2018,-0.6981,0.0,0.79,0.21,39
CBS,"RT @MarenMorris: Hot damn! Woke up from my post-wisdom teeth haze to find out I‚Äôm up for 4 @ACMawards ! So honored, especially for the Dear‚Ä¶",Thu Mar 01 18:12:57 +0000 2018,0.4547,0.159,0.749,0.092,40
CBS,RT @KelseaBallerini: Ohhhhh goodness. Incredible. Thank you thank you thank you. #female https://t.co/1ZTYjNfQeF,Thu Mar 01 18:11:50 +0000 2018,0.8591,0.538,0.462,0.0,41
CBS,RT @KeithUrban: ACMs...... HOLY SMOKES!!!!! MAD LOVE TO U ALL THIS MORNING  FOR THESE INCREDIBLE NOMINATIONS. I‚ÄôM EXTREMELY GRATEFUL!!!!!!!‚Ä¶,Thu Mar 01 18:10:50 +0000 2018,0.4885,0.234,0.615,0.151,42
CBS,"RT @ACMawards: Congratulations to this year‚Äôs #ACMawards Video of the Year nominees:
‚ÄúBlack‚Äù - @DierksBentley
‚ÄúIt Ain‚Äôt My Fault‚Äù - @Brothe‚Ä¶",Thu Mar 01 14:36:21 +0000 2018,0.5994,0.178,0.822,0.0,43
CBS,"RT @ACMawards: Please give a round of applause to this year‚Äôs #ACMawards Entertainer of the Year nominees: @Jason_Aldean, @GarthBrooks, @Lu‚Ä¶",Thu Mar 01 14:29:20 +0000 2018,0.7717,0.325,0.675,0.0,44
CBS,".@ChrisStapleton, @ThomasRhett, @mirandalambert and more are all nominated for awards at Country Music's Party of t‚Ä¶ https://t.co/Vm1vXRUDYJ",Thu Mar 01 14:15:29 +0000 2018,0.6908,0.275,0.725,0.0,45
CBS,"The Queen of Country, @Reba, is returning to host the 53rd #ACMawards on Sunday, April 15 at 8/7c. Here are a few o‚Ä¶ https://t.co/Iqzz6Gql01",Thu Mar 01 13:50:11 +0000 2018,0.0,0.0,1.0,0.0,46
CBS,RT @survivorcbs: It‚Äôs time! #Survivor https://t.co/YPk6cGWrUA,Thu Mar 01 01:04:52 +0000 2018,0.0,0.0,1.0,0.0,47
CBS,"RT @CBSThisMorning: TOMORROW: The nominees for the 2018 @ACMawards will be announced live by the one-and-only, @Reba! 

Watch on @CBS in ou‚Ä¶",Wed Feb 28 19:56:58 +0000 2018,0.0,0.0,1.0,0.0,48
CBS,"RT @thegoodfight: From the set design and costumes to hair and makeup, the production quality is truly next-level. Take a peek inside the u‚Ä¶",Wed Feb 28 19:08:30 +0000 2018,0.4404,0.116,0.884,0.0,49
CBS,RT @LivinBiblically: The fun continues on Facebook! The #LivingBiblically cast is live to talk about tonight‚Äôs premiere. Tune in here: http‚Ä¶,Tue Feb 27 03:23:47 +0000 2018,0.5562,0.152,0.848,0.0,50
CBS,"RT @KevinCanWaitCBS: Can you get all the way through these #KevinCanWait bloopers without laughing?! @KevinJames,@LeahRemini and the rest o‚Ä¶",Mon Feb 26 22:50:32 +0000 2018,0.0,0.0,1.0,0.0,51
CBS,"RT @ACMawards: That‚Äôs right! @Reba is headed to @CBSThisMorning on Thursday, March 1 to announce this year‚Äôs #ACMAwards' nominees. Tune in‚Ä¶",Mon Feb 26 21:08:30 +0000 2018,0.0,0.0,1.0,0.0,52
CBS,"RT @ScorpionCBS: You can't hack your way to a 197 IQ, but you are well on your way with these Genius Facts from #TeamScorpion! üíª You can be‚Ä¶",Mon Feb 26 19:53:41 +0000 2018,0.4482,0.105,0.895,0.0,53
CBS,RT @SuperiorDonuts: You can always count on @DavidKoechner for a laugh! Did your favorite Tush moment make the list? Catch a new #SuperiorD‚Ä¶,Mon Feb 26 18:32:36 +0000 2018,0.784,0.266,0.734,0.0,54
CBS,RT @TheTalkCBS: TODAY: We loved them together then &amp; we love seeing them together now! Welcome back to the show @THESaraGilbert‚Äã's good fri‚Ä¶,Mon Feb 26 18:20:16 +0000 2018,0.9359,0.429,0.571,0.0,55
CBS,"RT @thegoodfight: As foundations begin to crumble, our characters struggle to make sense of this new dystopian world. The cast teases what'‚Ä¶",Mon Feb 26 16:53:56 +0000 2018,-0.5423,0.0,0.816,0.184,56
CBS,"#LivingBiblically's @linzkraft and @jrfergjr appeared on @KCBS's Facebook Live this morning, talking all about what‚Ä¶ https://t.co/4RebcHuuMQ",Mon Feb 26 16:52:01 +0000 2018,0.0,0.0,1.0,0.0,57
CBS,"RT @CBSSports: Introducing CBS Sports HQ, a New 24/7 Direct-to-Consumer Streaming Network for Sports News, Highlights, &amp; Analysis.

Stream‚Ä¶",Mon Feb 26 16:17:55 +0000 2018,0.0,0.0,1.0,0.0,58
CBS,"RT @CBSBigBrother: It‚Äôs down to the final 5 celebrity Houseguests, and anyone could take home the grand prize! Tune in NOW to watch the #BB‚Ä¶",Mon Feb 26 01:12:32 +0000 2018,0.7644,0.231,0.769,0.0,59
CBS,RT @startrekcbs: Binge the entire first season of #StarTrekDiscovery. All episodes now streaming exclusively on CBS All Access: https://t.c‚Ä¶,Sun Feb 25 21:51:32 +0000 2018,0.0,0.0,1.0,0.0,60
CBS,"RT @thegoodfight: #TheGoodFight returns in 1 week. Season 2 premieres Sunday, March 4. https://t.co/nomCao1GWp https://t.co/BOn6bOe9Tb",Sun Feb 25 21:51:22 +0000 2018,0.0,0.0,1.0,0.0,61
CBS,RT @thegoodfight: This is our new favorite thing. Christine Baranski debuted #TheGoodFight the Musical on @colbertlateshow last night! üéµüé§‚Ä¶,Fri Feb 23 18:15:40 +0000 2018,0.5093,0.155,0.845,0.0,62
CBS,"RT @LivinBiblically: Confession time: have YOU ever hit the ""close door"" button in an elevator while somebody was approaching? The cast of‚Ä¶",Thu Feb 22 19:26:52 +0000 2018,0.0,0.0,1.0,0.0,63
CBS,RT @CBSEyeSpeak: Mark your calendars! #CBSEyeSpeak kicks off March 14 with The EYE Speak Summit. Follow our page for more details! https://‚Ä¶,Wed Feb 21 19:20:04 +0000 2018,0.0,0.0,1.0,0.0,64
CBS,"RT @CBSEyeSpeak: Proud to announce a new CBS initiative, promoting female empowerment and developing the next generation of leaders through‚Ä¶",Wed Feb 21 18:19:25 +0000 2018,0.6808,0.248,0.752,0.0,65
CBS,"RT @LivinBiblically: When you're living by the Bible, it's good to have a priest and a rabbi on call (provided they answer their phones, th‚Ä¶",Tue Feb 20 19:55:19 +0000 2018,0.4404,0.116,0.884,0.0,66
CBS,"RT @thegoodfight: Chicago lawyers are being hunted and the world is going insane. 

The new season of #TheGoodFight premieres Sunday, March‚Ä¶",Tue Feb 20 17:58:18 +0000 2018,-0.4019,0.0,0.881,0.119,67
CBS,Ready for some larger than life competition? This new series from @MarkBurnettTV will premiere in summer 2018.‚Ä¶ https://t.co/gDXHLdIJ5v,Tue Feb 20 17:39:51 +0000 2018,0.3612,0.128,0.872,0.0,68
CBS,"With tournament dreams on the line, make sure to stream these college basketball matchups on CBS All Access:‚Ä¶ https://t.co/SGkYUZrQWB",Sat Feb 17 01:07:20 +0000 2018,0.6124,0.227,0.773,0.0,69
CBS,"RT @LivinBiblically: While Chip's sticking to the Bible's original rules, the cast of #LivingBiblically has given them a more modern makeov‚Ä¶",Fri Feb 16 18:42:43 +0000 2018,0.3182,0.108,0.892,0.0,70
CBS,"Casting News! Peter Mark Kendall, Michael Gaston, Greg Wise, Rade ≈†erbed≈æija, Zack Pearlman, and Keye Chen join the‚Ä¶ https://t.co/GFob2KrD8H",Fri Feb 16 17:48:20 +0000 2018,0.68,0.248,0.752,0.0,71
CBS,RT @BullCBS: The verdict is in...#Bull is the perfect Valentine! ‚ù§Ô∏è Happy #ValentinesDay! https://t.co/poEejI4AnC,Wed Feb 14 19:23:27 +0000 2018,0.8619,0.466,0.534,0.0,72
CBS,"RT @NoActivityCBS: Car 27 reporting: Season 2 of #NoActivity coming soon!

Binge season one now on CBS All Access: https://t.co/yvxoQMeyhN‚Ä¶",Tue Feb 13 20:03:56 +0000 2018,0.0,0.0,1.0,0.0,73
CBS,"RT @LivinBiblically: Against all odds (and the advice of his God Squad), Chip is determined to live life by the Good Book. Think you could‚Ä¶",Tue Feb 13 18:54:52 +0000 2018,0.7506,0.252,0.748,0.0,74
CBS,RT @thegoodfight: Christine Baranski reflects upon the spectacular metamorphosis of her character in #TheGoodFight's first season. Revisit‚Ä¶,Mon Feb 12 18:49:45 +0000 2018,0.0,0.0,1.0,0.0,75
CBS,RT @startrekcbs: Binge the entire first season of #StarTrekDiscovery. All 15 episodes now streaming on CBS All Access: https://t.co/lKLaptP‚Ä¶,Mon Feb 12 01:32:33 +0000 2018,0.0,0.0,1.0,0.0,76
CBS,RT @SuperiorDonuts: Looking for a #Valentine? Tush is here to help you land your dream date just in time for the day of love! #SuperiorDonu‚Ä¶,Fri Feb 09 00:50:01 +0000 2018,0.8478,0.304,0.696,0.0,77
CBS,RT @CBSBigBrother: The pressure is on as the Houseguests battle each other for victory in the first HOH competition. Stream the season prem‚Ä¶,Thu Feb 08 16:09:35 +0000 2018,-0.5859,0.0,0.814,0.186,78
CBS,"RT @startrekcbs: Sunday, this season's epic journey reaches its final reckoning. Catch up before the season finale: https://t.co/4Ea5wpmAep‚Ä¶",Wed Feb 07 18:35:19 +0000 2018,0.0516,0.066,0.934,0.0,79
CBS,"Are you a sucker for jaw-dropping talent competitions? Announcing The World's Best, a first-of-its-kind new global‚Ä¶ https://t.co/fagCMklm2Z",Wed Feb 07 16:17:48 +0000 2018,0.5574,0.312,0.536,0.152,80
CBS,"RT @BullCBS: Tonight, one of these 3 TAC employees will end up incarcerated. Who do you think it will be? Tune into a new episode of #Bull‚Ä¶",Tue Feb 06 22:21:39 +0000 2018,0.0,0.0,1.0,0.0,81
CBS,"RT @thegoodfight: There's no season like lawyer season. #TheGoodFight returns March 4, exclusively on CBS All Access. https://t.co/XAlrg1nB‚Ä¶",Tue Feb 06 17:05:49 +0000 2018,0.0772,0.121,0.773,0.106,82
CBS,"RT @thegoodfight: The acclaimed series returns in 1 month. #TheGoodFight is back Sunday, March 4. https://t.co/5BNLTYRd8p https://t.co/yInP‚Ä¶",Sun Feb 04 15:35:36 +0000 2018,0.0,0.0,1.0,0.0,83
CBS,".@KeshaRose's emotional performance with @CyndiLauper, @AndraDayMusic, @BebeRexha and @Camila_Cabello brought the a‚Ä¶ https://t.co/qpgS2e9ir0",Sun Feb 04 12:00:01 +0000 2018,0.1531,0.118,0.882,0.0,84
CBS,Broadway legend Patti LuPone paid tribute to Sir Andrew Lloyd Webber with a show-stopping rendition of the iconic s‚Ä¶ https://t.co/GxqLtUzhFP,Sat Feb 03 23:11:43 +0000 2018,0.0,0.0,1.0,0.0,85
CBS,"Relive an entire night's worth of big wins, live performances and many more inspiring moments from The 60th Annual‚Ä¶ https://t.co/CH7mJ4Y3QT",Sat Feb 03 12:00:07 +0000 2018,0.8268,0.338,0.662,0.0,86
CBS,RT @swatcbs: ‚ú®@TheTalkCBS' @TheRealEve and @ShemarMoore brought some serious heat to the GRAMMYs red carpet: https://t.co/WYTITKkLQd https:‚Ä¶,Fri Feb 02 22:36:13 +0000 2018,-0.0772,0.0,0.925,0.075,87
CBS,"The all-star collaboration between @Rihanna, @DJKhaled and @brysontiller brought the party to the #GRAMMYs with a s‚Ä¶ https://t.co/jTv5QbtgUp",Fri Feb 02 20:07:40 +0000 2018,0.4019,0.144,0.856,0.0,88
CBS,RT @TheTalkCBS: All the #redcarpet looks from the 60th annual #GRAMMYs! Did you catch @TheRealEve's sparkly two-piece suit? Diamond accents‚Ä¶,Fri Feb 02 19:03:33 +0000 2018,0.4003,0.124,0.876,0.0,89
CBS,Go backstage with the celebs and see which stars celebrated the big night together! Here are the moments you missed‚Ä¶ https://t.co/rgQTXRQyLg,Fri Feb 02 17:23:18 +0000 2018,0.6114,0.166,0.834,0.0,90
CBS,üé∂ @DearEvanHansen star Ben Platt gave a soaring performance of a classic Broadway hit. Watch him perform 'Somewhere‚Ä¶ https://t.co/HcuizFWo02,Thu Feb 01 22:04:41 +0000 2018,0.0,0.0,1.0,0.0,91
CBS,"üé∏ @LittleBigTown, @U2, @BrunoMars and @Pink are just a few of the superstar performers that lit up the stage at The‚Ä¶ https://t.co/2v0MNYMItG",Thu Feb 01 20:09:49 +0000 2018,0.0,0.0,1.0,0.0,92
CBS,"Don't miss country stars Emmylou Harris and @ChrisStapleton perform a moving rendition of @TomPetty's classic song,‚Ä¶ https://t.co/GxoIW97XIu",Wed Jan 31 21:42:15 +0000 2018,0.1139,0.088,0.912,0.0,93
CBS,RT @survivorcbs: Get excited! üôå It‚Äôs finally time to meet the castaways of #Survivor: Ghost Island ‚ò† https://t.co/xQQ8ROhKbM https://t.co/P‚Ä¶,Wed Jan 31 17:05:47 +0000 2018,0.1007,0.135,0.75,0.115,94
CBS,"Country stars @EricChurch, @BrothersOsborne and @MarenMorris performed a touching tribute dedicated to the victims‚Ä¶ https://t.co/YCIq9i70fd",Wed Jan 31 16:37:17 +0000 2018,0.4588,0.188,0.812,0.0,95
CBS,Missed the Man vs. Beast #SuperBowlCommercials showdown? Catch up now to find out which entertaining ad was named t‚Ä¶ https://t.co/SlyO0n7yMX,Wed Jan 31 06:55:30 +0000 2018,0.1779,0.126,0.779,0.095,96
CBS,"RT @rikimae: Ok, that one makes me cry #superbowlcommercials",Wed Jan 31 02:15:16 +0000 2018,-0.2263,0.179,0.569,0.252,97
CBS,"If this doesn‚Äôt make you cry, nothing will. #SuperBowlCommercials https://t.co/UjFf3xr4so",Wed Jan 31 01:58:40 +0000 2018,-0.4767,0.0,0.744,0.256,98
CBS,"RT @maverickkr: #superbowlcommercials the frogs were great, I'd forgotten about that one.",Wed Jan 31 01:52:46 +0000 2018,0.4939,0.256,0.625,0.119,99
CBS,"If you haven't voted yet, it's not too late! Choose your favorite here: https://t.co/s4pEIF5IX8‚Ä¶ https://t.co/VCa1YHDyYy",Wed Jan 31 01:49:43 +0000 2018,0.5093,0.19,0.81,0.0,100
CNN,"This high school in Anchorage, Alaska, is using the sound of real gunfire to prepare students for active shooters‚Ä¶ https://t.co/bmNd0tB5HH",Mon Mar 12 20:43:41 +0000 2018,0.4019,0.124,0.876,0.0,1
CNN,"President Xi Jinping's power knows no bounds, writes Samantha Vinograd for @CNNOpinion https://t.co/pPcDxmLVOB https://t.co/6bA0C1eaTf",Mon Mar 12 20:37:15 +0000 2018,-0.296,0.0,0.855,0.145,2
CNN,"Wall Street's so-called fear gauge was ""manipulated,"" a new federal class action lawsuit alleges‚Ä¶ https://t.co/SA7TngfFsp",Mon Mar 12 20:23:53 +0000 2018,-0.6249,0.0,0.702,0.298,3
CNN,"RT @TheLeadCNN: Two weeks ago, President Trump talked about a lot of aggressive ideas to combat gun violence ‚Äî but did he get gun shy? http‚Ä¶",Mon Mar 12 20:19:25 +0000 2018,-0.8705,0.0,0.583,0.417,4
CNN,"As thousands of people attend the SXSW festival in Austin, Texas, police warn residents that three package blasts i‚Ä¶ https://t.co/lPcdwyO1PD",Mon Mar 12 20:19:09 +0000 2018,0.4215,0.142,0.796,0.062,5
CNN,"Russia's Defense Ministry says it has successfully tested one of the ""invincible"" missiles that President Vladimir‚Ä¶ https://t.co/PxZNJ6nn2I",Mon Mar 12 20:17:59 +0000 2018,0.5719,0.239,0.761,0.0,6
CNN,"RT @CNNPolitics: When asked about age limits, Sanders says Trump is still supports them but is pushing forward on things that can be accomp‚Ä¶",Mon Mar 12 20:07:26 +0000 2018,0.1901,0.071,0.929,0.0,7
CNN,"‚ÄúThese are very powerful devices.‚Äù Police in Austin, Texas, speak about three deadly package bombings in the city t‚Ä¶ https://t.co/wGOTMyyfTW",Mon Mar 12 20:06:48 +0000 2018,0.4754,0.14,0.86,0.0,8
CNN,A wealthy Turkish socialite and seven of her friends were killed after the airplane carrying them home from her bac‚Ä¶ https://t.co/ovCk9ChWrf,Mon Mar 12 19:58:07 +0000 2018,0.0258,0.207,0.627,0.166,9
CNN,"Shane Smith could soon step aside as Vice's CEO, according to multiple media reports. He would likely be replaced b‚Ä¶ https://t.co/WXyJvNfBIg",Mon Mar 12 19:54:30 +0000 2018,0.0,0.0,1.0,0.0,10
CNN,White House press secretary Sarah Sanders declined to weigh in on Betsy DeVos‚Äô recent performance in televised inte‚Ä¶ https://t.co/sYD7xDvWpv,Mon Mar 12 19:50:40 +0000 2018,0.0,0.0,1.0,0.0,11
CNN,White House press secretary Sarah Sanders declined to weigh in on Betsy DeVos‚Äô recent performance in televised inte‚Ä¶ https://t.co/7vKLE2v9a2,Mon Mar 12 19:44:51 +0000 2018,0.0,0.0,1.0,0.0,12
CNN,The White House is closely monitoring the nerve agent attack on an ex-Russian spy in the United Kingdom and taking‚Ä¶ https://t.co/E9w6Lx5o8F,Mon Mar 12 19:43:46 +0000 2018,-0.0772,0.112,0.763,0.124,13
CNN,Hong Kong's pro-democracy camp has endured a setback in crucial by-elections as fears grow that Beijing is tighteni‚Ä¶ https://t.co/7mC4IRv91H,Mon Mar 12 19:41:28 +0000 2018,-0.4215,0.0,0.859,0.141,14
CNN,"White House press secretary Sarah Sanders: We ""fully expect"" the meeting with North Korean leader Kim Jong Un will‚Ä¶ https://t.co/mSSGExQB9n",Mon Mar 12 19:30:16 +0000 2018,0.0,0.0,1.0,0.0,15
CNN,"""I think there's a bunch of guys waiting for this to be over. It's never going to be over."" 

#TimesUp co-founder N‚Ä¶ https://t.co/YrIEdwks4w",Mon Mar 12 19:28:29 +0000 2018,0.0,0.0,1.0,0.0,16
CNN,RT @CNNPolitics: White House press secretary Sarah Sanders outlines President Trump‚Äôs proposal for gun safety measures https://t.co/Kn8CIQe‚Ä¶,Mon Mar 12 19:18:30 +0000 2018,0.1027,0.139,0.743,0.119,17
CNN,"White House press secretary Sarah Sanders: ""We fully expect"" that the meeting between US President Trump and Kim Jo‚Ä¶ https://t.co/Y26qDmvKug",Mon Mar 12 19:17:54 +0000 2018,0.0,0.0,1.0,0.0,18
CNN,"White House press secretary Sarah Sanders holds a press briefing. Watch CNN: https://t.co/UYpqI3w42L

Follow live u‚Ä¶ https://t.co/EejEviXsJs",Mon Mar 12 19:09:34 +0000 2018,0.0,0.0,1.0,0.0,19
CNN,The US Naval Academy announced that disciplinary proceedings have been opened against five officers accused of usin‚Ä¶ https://t.co/hoEZWxjbO6,Mon Mar 12 19:06:06 +0000 2018,-0.296,0.0,0.885,0.115,20
CNN,"This high school in Anchorage, Alaska, is using the sound of real gunfire to prepare students for active shooters‚Ä¶ https://t.co/bmNd0tB5HH",Mon Mar 12 20:43:41 +0000 2018,0.4019,0.124,0.876,0.0,21
CNN,"President Xi Jinping's power knows no bounds, writes Samantha Vinograd for @CNNOpinion https://t.co/pPcDxmLVOB https://t.co/6bA0C1eaTf",Mon Mar 12 20:37:15 +0000 2018,-0.296,0.0,0.855,0.145,22
CNN,"Wall Street's so-called fear gauge was ""manipulated,"" a new federal class action lawsuit alleges‚Ä¶ https://t.co/SA7TngfFsp",Mon Mar 12 20:23:53 +0000 2018,-0.6249,0.0,0.702,0.298,23
CNN,"RT @TheLeadCNN: Two weeks ago, President Trump talked about a lot of aggressive ideas to combat gun violence ‚Äî but did he get gun shy? http‚Ä¶",Mon Mar 12 20:19:25 +0000 2018,-0.8705,0.0,0.583,0.417,24
CNN,"As thousands of people attend the SXSW festival in Austin, Texas, police warn residents that three package blasts i‚Ä¶ https://t.co/lPcdwyO1PD",Mon Mar 12 20:19:09 +0000 2018,0.4215,0.142,0.796,0.062,25
CNN,"Russia's Defense Ministry says it has successfully tested one of the ""invincible"" missiles that President Vladimir‚Ä¶ https://t.co/PxZNJ6nn2I",Mon Mar 12 20:17:59 +0000 2018,0.5719,0.239,0.761,0.0,26
CNN,"RT @CNNPolitics: When asked about age limits, Sanders says Trump is still supports them but is pushing forward on things that can be accomp‚Ä¶",Mon Mar 12 20:07:26 +0000 2018,0.1901,0.071,0.929,0.0,27
CNN,"‚ÄúThese are very powerful devices.‚Äù Police in Austin, Texas, speak about three deadly package bombings in the city t‚Ä¶ https://t.co/wGOTMyyfTW",Mon Mar 12 20:06:48 +0000 2018,0.4754,0.14,0.86,0.0,28
CNN,A wealthy Turkish socialite and seven of her friends were killed after the airplane carrying them home from her bac‚Ä¶ https://t.co/ovCk9ChWrf,Mon Mar 12 19:58:07 +0000 2018,0.0258,0.207,0.627,0.166,29
CNN,"Shane Smith could soon step aside as Vice's CEO, according to multiple media reports. He would likely be replaced b‚Ä¶ https://t.co/WXyJvNfBIg",Mon Mar 12 19:54:30 +0000 2018,0.0,0.0,1.0,0.0,30
CNN,White House press secretary Sarah Sanders declined to weigh in on Betsy DeVos‚Äô recent performance in televised inte‚Ä¶ https://t.co/sYD7xDvWpv,Mon Mar 12 19:50:40 +0000 2018,0.0,0.0,1.0,0.0,31
CNN,White House press secretary Sarah Sanders declined to weigh in on Betsy DeVos‚Äô recent performance in televised inte‚Ä¶ https://t.co/7vKLE2v9a2,Mon Mar 12 19:44:51 +0000 2018,0.0,0.0,1.0,0.0,32
CNN,The White House is closely monitoring the nerve agent attack on an ex-Russian spy in the United Kingdom and taking‚Ä¶ https://t.co/E9w6Lx5o8F,Mon Mar 12 19:43:46 +0000 2018,-0.0772,0.112,0.763,0.124,33
CNN,Hong Kong's pro-democracy camp has endured a setback in crucial by-elections as fears grow that Beijing is tighteni‚Ä¶ https://t.co/7mC4IRv91H,Mon Mar 12 19:41:28 +0000 2018,-0.4215,0.0,0.859,0.141,34
CNN,"White House press secretary Sarah Sanders: We ""fully expect"" the meeting with North Korean leader Kim Jong Un will‚Ä¶ https://t.co/mSSGExQB9n",Mon Mar 12 19:30:16 +0000 2018,0.0,0.0,1.0,0.0,35
CNN,"""I think there's a bunch of guys waiting for this to be over. It's never going to be over."" 

#TimesUp co-founder N‚Ä¶ https://t.co/YrIEdwks4w",Mon Mar 12 19:28:29 +0000 2018,0.0,0.0,1.0,0.0,36
CNN,RT @CNNPolitics: White House press secretary Sarah Sanders outlines President Trump‚Äôs proposal for gun safety measures https://t.co/Kn8CIQe‚Ä¶,Mon Mar 12 19:18:30 +0000 2018,0.1027,0.139,0.743,0.119,37
CNN,"White House press secretary Sarah Sanders: ""We fully expect"" that the meeting between US President Trump and Kim Jo‚Ä¶ https://t.co/Y26qDmvKug",Mon Mar 12 19:17:54 +0000 2018,0.0,0.0,1.0,0.0,38
CNN,"White House press secretary Sarah Sanders holds a press briefing. Watch CNN: https://t.co/UYpqI3w42L

Follow live u‚Ä¶ https://t.co/EejEviXsJs",Mon Mar 12 19:09:34 +0000 2018,0.0,0.0,1.0,0.0,39
CNN,The US Naval Academy announced that disciplinary proceedings have been opened against five officers accused of usin‚Ä¶ https://t.co/hoEZWxjbO6,Mon Mar 12 19:06:06 +0000 2018,-0.296,0.0,0.885,0.115,40
CNN,Why Trump's modest proposal on guns still might not happen in Congress https://t.co/4UN9BbnlUe https://t.co/33QCV9avhB,Mon Mar 12 19:00:56 +0000 2018,0.0,0.0,1.0,0.0,41
CNN,"Even a ""lost"" interview with OJ Simpson couldn't help Fox beat ABC's ""American Idol"" reboot https://t.co/Qg4B39Eu6n https://t.co/I53nmJS3Ap",Mon Mar 12 18:55:03 +0000 2018,-0.3089,0.0,0.869,0.131,42
CNN,"The Church of Scientology is set to premiere Scientology TV, a new network that will air on DirecTV and be availabl‚Ä¶ https://t.co/85DBDCCMra",Mon Mar 12 18:50:04 +0000 2018,0.0,0.0,1.0,0.0,43
CNN,"Department of Education Secretary Betsy DeVos stumbles her way through tense portion of ""60 Minutes"" interview, adm‚Ä¶ https://t.co/RKMGpZ1wUY",Mon Mar 12 18:40:05 +0000 2018,-0.34,0.0,0.876,0.124,44
CNN,Elizabeth Warren says she isn't running for president. Don't believe her. | Analysis by @CillizzaCNN‚Ä¶ https://t.co/CczGyYXeIj,Mon Mar 12 18:30:10 +0000 2018,0.0,0.0,1.0,0.0,45
CNN,Here are 5 questions that could come up during today's White House press briefing. Follow live updates:‚Ä¶ https://t.co/Rq8goTl5hB,Mon Mar 12 18:24:57 +0000 2018,0.0,0.0,1.0,0.0,46
CNN,India by train -- with dogs? One couple shares their story https://t.co/Dzved442GF via @CNNTravel https://t.co/Eqol7ZOz8g,Mon Mar 12 18:22:24 +0000 2018,0.296,0.136,0.864,0.0,47
CNN,"This Waffle House waitress took time to cut an elderly customer's ham, and the kind act won her a college scholarsh‚Ä¶ https://t.co/vYD5kza1np",Mon Mar 12 18:20:00 +0000 2018,0.7184,0.261,0.662,0.077,48
CNN,Democrats call on Trump to pressure Putin to extradite indicted Russians https://t.co/RyOdsG5K8v https://t.co/oW4Se4D7ZD,Mon Mar 12 18:10:08 +0000 2018,-0.296,0.0,0.845,0.155,49
CNN,Ethiopian soldiers accidentally killed 9 civilians and injured 12 others in a military operation targeting insurgen‚Ä¶ https://t.co/nt2XwY2jk4,Mon Mar 12 18:03:34 +0000 2018,-0.8625,0.0,0.556,0.444,50
CNN,"Police are now responding to another ""reported explosion"" this afternoon in Austin, Texas, but have not yet said wh‚Ä¶ https://t.co/oR8wXFGQKu",Mon Mar 12 18:00:50 +0000 2018,0.0,0.0,1.0,0.0,51
CNN,The USS Carl Vinson spent 4 days anchored off the coast of Vietnam -- the first time a US aircraft carrier had visi‚Ä¶ https://t.co/l8bli1wD2J,Mon Mar 12 17:50:09 +0000 2018,0.0,0.0,1.0,0.0,52
CNN,"The father of Joaquin Oliver, who was killed in the Florida school shooting, created a powerful mural to honor his‚Ä¶ https://t.co/zcJdE8nrrl",Mon Mar 12 17:45:49 +0000 2018,0.3612,0.281,0.561,0.158,53
CNN,The trouble with President Trump's North Korea gambit https://t.co/12eqFDwhni (via @CNNOpinion) https://t.co/g96QLHAp2N,Mon Mar 12 17:37:38 +0000 2018,-0.4019,0.0,0.803,0.197,54
CNN,Both packages were not delivered via any mail services and both homes are those of African Americans. A 17-year-old‚Ä¶ https://t.co/gfcNyvs8rA,Mon Mar 12 17:28:32 +0000 2018,0.0,0.0,1.0,0.0,55
CNN,"The pair of explosions that left two people dead in Austin, Texas, over the last 10 days share similarities and aut‚Ä¶ https://t.co/t87AZLqsAd",Mon Mar 12 17:26:52 +0000 2018,-0.4767,0.083,0.755,0.162,56
CNN,"JUST IN: UK PM May says ""it is highly likely that Russia is responsible"" for the attempted murder of a former Russi‚Ä¶ https://t.co/0b482ZDsAS",Mon Mar 12 17:26:37 +0000 2018,-0.5267,0.085,0.741,0.174,57
CNN,"President Trump says his 2020 slogan will be ""Keep America Great!"" https://t.co/CrGmgssvf1 https://t.co/CpHxsfZ9h2",Mon Mar 12 17:25:17 +0000 2018,0.0,0.0,1.0,0.0,58
CNN,"Education Secretary Betsy DeVos calls on President Trump to not use foul language, pointing to ""an opportunity and‚Ä¶ https://t.co/TVNdXf8qUL",Mon Mar 12 17:15:11 +0000 2018,0.4215,0.135,0.865,0.0,59
CNN,Sen. Elizabeth Warren is pushing back at a new call to take a DNA test to prove her Native American ancestral claim‚Ä¶ https://t.co/7veD2UZn1W,Mon Mar 12 17:05:03 +0000 2018,0.0,0.0,1.0,0.0,60
CNN,"JUST IN: Adult film actress Stormy Daniels is offering to return the $130,000 payment she received from Trump's att‚Ä¶ https://t.co/sVitSh7863",Mon Mar 12 16:55:05 +0000 2018,0.0,0.0,1.0,0.0,61
CNN,"Country singer Tim McGraw had to cut short his set after collapsing on stage at a show in Dublin, Ireland, over the‚Ä¶ https://t.co/4OmiKy9aNh",Mon Mar 12 16:55:04 +0000 2018,-0.5106,0.0,0.823,0.177,62
CNN,"Elon Musk says his Mars rocket will fly ""short flights"" next year https://t.co/2jqAFIuM0o https://t.co/KeZabL8ArA",Mon Mar 12 16:45:14 +0000 2018,0.0,0.0,1.0,0.0,63
CNN,This weekend was the first time films by black directors with mega budgets held the top two spots at the box office‚Ä¶ https://t.co/N2YQVyjA77,Mon Mar 12 16:35:05 +0000 2018,0.2023,0.076,0.924,0.0,64
CNN,White House officials were alarmed by Betsy DeVos' struggle to answer basic questions about the nation's schools an‚Ä¶ https://t.co/qlOyhVrSst,Mon Mar 12 16:24:06 +0000 2018,-0.5719,0.0,0.783,0.217,65
CNN,Education Secretary Betsy DeVos' trainwreck interview on '60 Minutes' | Analysis by @CillizzaCNN‚Ä¶ https://t.co/XURjruyIgZ,Mon Mar 12 16:12:45 +0000 2018,0.0,0.0,1.0,0.0,66
CNN,"The tallest building in Frankfort, Kentucky, the state's capital, came crashing down on Sunday. The 28-story Capita‚Ä¶ https://t.co/ElHy6CsKXU",Mon Mar 12 16:03:20 +0000 2018,0.0,0.0,1.0,0.0,67
CNN,"RT @CNNnewsroom: Democratic Rep. Ted Deutch slams President Trump's backpedaling ""to a position that is solely the one that the NRA advocat‚Ä¶",Mon Mar 12 15:52:45 +0000 2018,0.0,0.0,1.0,0.0,68
CNN,Know who's afraid of the NRA? Donald Trump. | Analysis by @CillizzaCNN https://t.co/dwJKDo1iw1 https://t.co/uXTtXtw3Zm,Mon Mar 12 15:50:10 +0000 2018,0.0,0.0,1.0,0.0,69
CNN,"The acceptance speech the director of ""Moonlight"" never got to give https://t.co/IyTmbjO7En https://t.co/QOo0uM5x1K",Mon Mar 12 15:42:47 +0000 2018,0.4588,0.2,0.8,0.0,70
CNN,"This Waffle House waitress took time to cut an elderly customer's ham, and the kind act won her a college scholarsh‚Ä¶ https://t.co/1q0hw8h39W",Mon Mar 12 15:40:00 +0000 2018,0.7184,0.261,0.662,0.077,71
CNN,"Actually, West Virginia isn't dismantling its Department of Education https://t.co/lIBOIyj1wb",Mon Mar 12 15:30:03 +0000 2018,0.0,0.0,1.0,0.0,72
CNN,"Fashion designer Hubert de Givenchy, famous for styling Audrey Hepburn's ""Little Black Dress,"" has died at the age‚Ä¶ https://t.co/lHi79jzuRv",Mon Mar 12 15:20:05 +0000 2018,-0.5574,0.0,0.833,0.167,73
CNN,Jewish groups are criticizing Russian President Vladimir Putin after he suggested Russian minorities such as Jews o‚Ä¶ https://t.co/gO1eyrXlGN,Mon Mar 12 15:10:12 +0000 2018,-0.3612,0.0,0.872,0.128,74
CNN,The former US ambassador to Panama says he was compelled to resign from his post after President Trump failed to st‚Ä¶ https://t.co/VB4JRo1ZaP,Mon Mar 12 15:00:46 +0000 2018,-0.6705,0.046,0.734,0.22,75
CNN,"President Trump defends his administration's newly unveiled gun and school safety proposals, specifically his walkb‚Ä¶ https://t.co/IxywpV0djS",Mon Mar 12 14:50:07 +0000 2018,0.1027,0.146,0.729,0.125,76
CNN,"O.J. Simpson described ""blood and stuff"" in 2006 hypothetical murder TV confession https://t.co/WZbLOhBHCl https://t.co/7VswrHZW8p",Mon Mar 12 14:40:15 +0000 2018,-0.6908,0.0,0.734,0.266,77
CNN,A second fertility clinic in the US says its eggs and embryos may no longer be viable after a storage tank malfunct‚Ä¶ https://t.co/HwCOTnoeAN,Mon Mar 12 14:31:29 +0000 2018,-0.296,0.0,0.901,0.099,78
CNN,She has been called one of the beauty industry's biggest disruptors. How @Glossier founder and CEO @EmilyWWeiss is‚Ä¶ https://t.co/FXb4FyXOJ2,Mon Mar 12 14:20:21 +0000 2018,0.5859,0.174,0.826,0.0,79
CNN,The one crime that impacts every American https://t.co/Hmz0knP0Jq (via @CNNOpinion) https://t.co/1ko0RiSyGC,Mon Mar 12 14:12:34 +0000 2018,-0.5423,0.0,0.741,0.259,80
CNN,"Country singer Tim McGraw had to cut short his set after collapsing on stage at a show in Dublin, Ireland, over the‚Ä¶ https://t.co/ZSnFLa571F",Mon Mar 12 14:01:29 +0000 2018,-0.5106,0.0,0.823,0.177,81
CNN,Sen. Elizabeth Warren is pushing back at a new call to take a DNA test to prove her Native American ancestral claim‚Ä¶ https://t.co/GQ261ymUpo,Mon Mar 12 13:52:05 +0000 2018,0.0,0.0,1.0,0.0,82
CNN,"‚ÄúAnywhere else my Great Hall would be a decent sized home, and my Great Staircase would be a mini tower block.‚Äù‚Ä¶ https://t.co/AEo8zjwPND",Mon Mar 12 13:43:17 +0000 2018,0.8481,0.313,0.687,0.0,83
CNN,"Education Secretary Betsy DeVos calls on President Trump to not use foul language, pointing to ""an opportunity and‚Ä¶ https://t.co/K1Sxy9qxMc",Mon Mar 12 13:30:10 +0000 2018,0.4215,0.135,0.865,0.0,84
CNN,What's behind the stamina of Russian President Vladimir Putin? The 65-year-old is now contesting his fourth preside‚Ä¶ https://t.co/lvcoPhMOMI,Mon Mar 12 13:23:42 +0000 2018,0.296,0.115,0.885,0.0,85
CNN,The pilot in the New York City helicopter crash told investigators that one of the passenger's bags may have inadve‚Ä¶ https://t.co/Ts29FsZuYJ,Mon Mar 12 13:10:04 +0000 2018,-0.4019,0.0,0.881,0.119,86
CNN,"If you're planning to take part in the national school walkout on Wednesday to protest gun violence, read this:‚Ä¶ https://t.co/Mgix0Lsgrs",Mon Mar 12 13:05:28 +0000 2018,-0.8689,0.0,0.597,0.403,87
CNN,"How ""Meet the Press"" moderator Chuck Todd responded to President Trump's vulgar insult https://t.co/y60ZGAGXhH https://t.co/l1nX0WIXqi",Mon Mar 12 13:03:11 +0000 2018,-0.5106,0.0,0.809,0.191,88
CNN,"This waitress took time to cut an elderly diner's ham, and the kind act won her a college scholarship‚Ä¶ https://t.co/eemFBU64PY",Mon Mar 12 12:51:43 +0000 2018,0.7184,0.282,0.635,0.083,89
CNN,"A knife-wielding man was shot dead outside the Iranian ambassador's residence in Vienna on Sunday night, following‚Ä¶ https://t.co/K0eZD8V4bQ",Mon Mar 12 12:40:12 +0000 2018,-0.6486,0.0,0.788,0.212,90
CNN,"At least 39 people are dead after a plane crashed on the runway while landing at Tribhuvan Airport in Kathmandu, Ne‚Ä¶ https://t.co/j0IS9DE3Qx",Mon Mar 12 12:30:04 +0000 2018,-0.6486,0.0,0.823,0.177,91
CNN,This weekend was the first time films by black directors with mega budgets held the top two spots at the box office‚Ä¶ https://t.co/HNaCFjhv7H,Mon Mar 12 12:25:07 +0000 2018,0.2023,0.076,0.924,0.0,92
CNN,"The Trump Organization and Jared Kushner's family company are planning to do business together, The New York Times‚Ä¶ https://t.co/D01sset0ym",Mon Mar 12 12:15:07 +0000 2018,0.0,0.0,1.0,0.0,93
CNN,"Department of Education Secretary Betsy DeVos stumbles her way through tense portion of ""60 Minutes"" interview, adm‚Ä¶ https://t.co/83GKHqSU4H",Mon Mar 12 12:03:40 +0000 2018,-0.34,0.0,0.876,0.124,94
CNN,"Elon Musk says his Mars rocket will fly ""short flights"" next year https://t.co/RaarGgKZPA https://t.co/BWFamrqnMr",Mon Mar 12 11:53:30 +0000 2018,0.0,0.0,1.0,0.0,95
CNN,"Nine people were killed in a forest fire in southern India after becoming trapped while hiking, police say‚Ä¶ https://t.co/8D5LpGUPTI",Mon Mar 12 11:40:08 +0000 2018,-0.8834,0.0,0.593,0.407,96
CNN,Update: At least 39 people are dead after a plane crashed while landing at Nepal's Tribhuvan Airport. The plane had‚Ä¶ https://t.co/5pHNuf5HV1,Mon Mar 12 11:36:55 +0000 2018,-0.6486,0.0,0.815,0.185,97
CNN,A second fertility clinic in the US says its eggs and embryos may no longer be viable after a storage tank malfunct‚Ä¶ https://t.co/H1evFm2yUD,Mon Mar 12 11:30:09 +0000 2018,-0.296,0.0,0.901,0.099,98
CNN,"5 things for Monday:

- Gun debate
- New York helicopter crash
- California hostage deaths
- UK and Russia
- China‚Ä¶ https://t.co/gjHCdOHxKL",Mon Mar 12 11:20:04 +0000 2018,-0.6249,0.0,0.746,0.254,99
CNN,"The pilot of a helicopter that went down in New York's East River on Sunday is the sole survivor of the crash, afte‚Ä¶ https://t.co/NmFrgYLbtx",Mon Mar 12 11:13:05 +0000 2018,-0.0516,0.095,0.802,0.103,100
Fox News,SXSW: Scientists tout 'pen' technology that detects cancer in 20 seconds https://t.co/zgcAkF5SsF,Mon Mar 12 20:46:17 +0000 2018,-0.7096,0.0,0.629,0.371,1
Fox News,".@GOPChairwoman: ""If we turn [the House] over to @NancyPelosi, we'll be turning back the clock and going back to th‚Ä¶ https://t.co/bL5mV6ZGEM",Mon Mar 12 20:39:33 +0000 2018,0.0,0.0,1.0,0.0,2
Fox News,".@RepLeeZeldin: ‚ÄúThe federal government is responsible for setting the immigration policies. So, what you‚Äôre seeing‚Ä¶ https://t.co/6y4oCQWTAG",Mon Mar 12 20:33:56 +0000 2018,0.3182,0.133,0.867,0.0,3
Fox News,"Austin PD Chief Brian Manley: ‚ÄúThese are very powerful devices, and that‚Äôs why, again, it is so imperative that no‚Ä¶ https://t.co/aUw5j1ayQR",Mon Mar 12 20:25:55 +0000 2018,0.4754,0.134,0.866,0.0,4
Fox News,"Possible Justice Kennedy retirement would give Trump opportunity to tilt Supreme Court to right - via @brookefoxnews
https://t.co/5JLhnAsJeH",Mon Mar 12 20:25:13 +0000 2018,0.8689,0.412,0.588,0.0,5
Fox News,Austin PD Chief Brian Manley: ‚ÄúWe want to ensure this community that we‚Äôre going to do everything we can to keep yo‚Ä¶ https://t.co/cT4IyObdKQ,Mon Mar 12 20:20:54 +0000 2018,0.4404,0.157,0.843,0.0,6
Fox News,RT @FoxBusiness: #BreakingNews: Nasdaq closes at new record high for the second straight day. The Dow Jones Industrial Average and S&amp;P 500‚Ä¶,Mon Mar 12 20:14:37 +0000 2018,0.2263,0.083,0.917,0.0,7
Fox News,Austin PD Chief Brian Manley: ‚ÄúWe do not believe that this package here today was left by any of the official mail‚Ä¶ https://t.co/MNejrEm1if,Mon Mar 12 20:13:34 +0000 2018,0.0,0.0,1.0,0.0,8
Fox News,Austin PD Chief Brian Manley: ‚ÄúWe do not know yet whether the victims are the intended targets on these cases. Agai‚Ä¶ https://t.co/wExh5eeyrE,Mon Mar 12 20:07:27 +0000 2018,-0.3182,0.0,0.901,0.099,9
Fox News,"Official: ‚ÄúWe do not have a specific victimology or ideology that we have identified, so assigning a motive to this‚Ä¶ https://t.co/olHEXPRenK",Mon Mar 12 20:01:34 +0000 2018,-0.0572,0.0,0.936,0.064,10
Fox News,"Official: ‚ÄúThis, again, is the third in what we believe to be related incidents that have occurred over the past 10‚Ä¶ https://t.co/kkfCKuoVX3",Mon Mar 12 19:57:20 +0000 2018,0.0,0.0,1.0,0.0,11
Fox News,"Official: ‚ÄúThe victim in this incident came outside of her residence and found a package out front, and she picked‚Ä¶ https://t.co/XHunBoFKWO",Mon Mar 12 19:54:40 +0000 2018,-0.2732,0.0,0.9,0.1,12
Fox News,.@PressSec: ‚Äú@POTUS will travel to Peru and Colombia next month. This will mark the president‚Äôs first trip to Latin‚Ä¶ https://t.co/F1ug6AI1tl,Mon Mar 12 19:19:40 +0000 2018,0.0,0.0,1.0,0.0,13
Fox News,.@PressSec: ‚Äú@POTUS is supporting legislation and reforms to strengthen the background check system and law enforce‚Ä¶ https://t.co/YJh1JvKPE8,Mon Mar 12 19:17:39 +0000 2018,0.6369,0.257,0.743,0.0,14
Fox News,".@PressSec: ‚ÄúWe will ensure our schools are safe and secured just like our airports, stadiums, and government build‚Ä¶ https://t.co/rRarZSXOC6",Mon Mar 12 19:15:57 +0000 2018,0.8658,0.416,0.584,0.0,15
Fox News,.@PressSec Sarah Sanders holds a press briefing at the @WhiteHouse https://t.co/vdFAkP1DZz,Mon Mar 12 19:07:16 +0000 2018,0.0,0.0,1.0,0.0,16
Fox News,TUNE IN: @VP Mike Pence sits down for an interview with @SeanHannity TONIGHT at 9p ET on Fox News Channel. https://t.co/6ZTXfrt9wq,Mon Mar 12 18:55:00 +0000 2018,0.0,0.0,1.0,0.0,17
Fox News,.@RepPeteKing : House Intel Committee Wants to Know When Dossier Was Shown to @BarackObama  #AmericasNewsroom  https://t.co/Qoft1PAiWS,Mon Mar 12 18:50:49 +0000 2018,0.0,0.0,1.0,0.0,18
Fox News,"Beloved pastor's wife killed, minister beaten in North Carolina home invasion and arson https://t.co/PxPzCg6H1g (via @christocarbone)",Mon Mar 12 18:36:57 +0000 2018,-0.6124,0.14,0.551,0.309,19
Fox News,"Austin package explosions leave teen dead, women hurt after three blasts in 2 weeks (via @travfed)  https://t.co/4SETsq1cos",Mon Mar 12 18:20:00 +0000 2018,-0.836,0.0,0.594,0.406,20
Fox News,SXSW: Scientists tout 'pen' technology that detects cancer in 20 seconds https://t.co/zgcAkF5SsF,Mon Mar 12 20:46:17 +0000 2018,-0.7096,0.0,0.629,0.371,21
Fox News,".@GOPChairwoman: ""If we turn [the House] over to @NancyPelosi, we'll be turning back the clock and going back to th‚Ä¶ https://t.co/bL5mV6ZGEM",Mon Mar 12 20:39:33 +0000 2018,0.0,0.0,1.0,0.0,22
Fox News,".@RepLeeZeldin: ‚ÄúThe federal government is responsible for setting the immigration policies. So, what you‚Äôre seeing‚Ä¶ https://t.co/6y4oCQWTAG",Mon Mar 12 20:33:56 +0000 2018,0.3182,0.133,0.867,0.0,23
Fox News,"Austin PD Chief Brian Manley: ‚ÄúThese are very powerful devices, and that‚Äôs why, again, it is so imperative that no‚Ä¶ https://t.co/aUw5j1ayQR",Mon Mar 12 20:25:55 +0000 2018,0.4754,0.134,0.866,0.0,24
Fox News,"Possible Justice Kennedy retirement would give Trump opportunity to tilt Supreme Court to right - via @brookefoxnews
https://t.co/5JLhnAsJeH",Mon Mar 12 20:25:13 +0000 2018,0.8689,0.412,0.588,0.0,25
Fox News,Austin PD Chief Brian Manley: ‚ÄúWe want to ensure this community that we‚Äôre going to do everything we can to keep yo‚Ä¶ https://t.co/cT4IyObdKQ,Mon Mar 12 20:20:54 +0000 2018,0.4404,0.157,0.843,0.0,26
Fox News,RT @FoxBusiness: #BreakingNews: Nasdaq closes at new record high for the second straight day. The Dow Jones Industrial Average and S&amp;P 500‚Ä¶,Mon Mar 12 20:14:37 +0000 2018,0.2263,0.083,0.917,0.0,27
Fox News,Austin PD Chief Brian Manley: ‚ÄúWe do not believe that this package here today was left by any of the official mail‚Ä¶ https://t.co/MNejrEm1if,Mon Mar 12 20:13:34 +0000 2018,0.0,0.0,1.0,0.0,28
Fox News,Austin PD Chief Brian Manley: ‚ÄúWe do not know yet whether the victims are the intended targets on these cases. Agai‚Ä¶ https://t.co/wExh5eeyrE,Mon Mar 12 20:07:27 +0000 2018,-0.3182,0.0,0.901,0.099,29
Fox News,"Official: ‚ÄúWe do not have a specific victimology or ideology that we have identified, so assigning a motive to this‚Ä¶ https://t.co/olHEXPRenK",Mon Mar 12 20:01:34 +0000 2018,-0.0572,0.0,0.936,0.064,30
Fox News,"Official: ‚ÄúThis, again, is the third in what we believe to be related incidents that have occurred over the past 10‚Ä¶ https://t.co/kkfCKuoVX3",Mon Mar 12 19:57:20 +0000 2018,0.0,0.0,1.0,0.0,31
Fox News,"Official: ‚ÄúThe victim in this incident came outside of her residence and found a package out front, and she picked‚Ä¶ https://t.co/XHunBoFKWO",Mon Mar 12 19:54:40 +0000 2018,-0.2732,0.0,0.9,0.1,32
Fox News,.@PressSec: ‚Äú@POTUS will travel to Peru and Colombia next month. This will mark the president‚Äôs first trip to Latin‚Ä¶ https://t.co/F1ug6AI1tl,Mon Mar 12 19:19:40 +0000 2018,0.0,0.0,1.0,0.0,33
Fox News,.@PressSec: ‚Äú@POTUS is supporting legislation and reforms to strengthen the background check system and law enforce‚Ä¶ https://t.co/YJh1JvKPE8,Mon Mar 12 19:17:39 +0000 2018,0.6369,0.257,0.743,0.0,34
Fox News,".@PressSec: ‚ÄúWe will ensure our schools are safe and secured just like our airports, stadiums, and government build‚Ä¶ https://t.co/rRarZSXOC6",Mon Mar 12 19:15:57 +0000 2018,0.8658,0.416,0.584,0.0,35
Fox News,.@PressSec Sarah Sanders holds a press briefing at the @WhiteHouse https://t.co/vdFAkP1DZz,Mon Mar 12 19:07:16 +0000 2018,0.0,0.0,1.0,0.0,36
Fox News,TUNE IN: @VP Mike Pence sits down for an interview with @SeanHannity TONIGHT at 9p ET on Fox News Channel. https://t.co/6ZTXfrt9wq,Mon Mar 12 18:55:00 +0000 2018,0.0,0.0,1.0,0.0,37
Fox News,.@RepPeteKing : House Intel Committee Wants to Know When Dossier Was Shown to @BarackObama  #AmericasNewsroom  https://t.co/Qoft1PAiWS,Mon Mar 12 18:50:49 +0000 2018,0.0,0.0,1.0,0.0,38
Fox News,"Beloved pastor's wife killed, minister beaten in North Carolina home invasion and arson https://t.co/PxPzCg6H1g (via @christocarbone)",Mon Mar 12 18:36:57 +0000 2018,-0.6124,0.14,0.551,0.309,39
Fox News,"Austin package explosions leave teen dead, women hurt after three blasts in 2 weeks (via @travfed)  https://t.co/4SETsq1cos",Mon Mar 12 18:20:00 +0000 2018,-0.836,0.0,0.594,0.406,40
Fox News,".@POTUS posed for photographs after Houston @Astros' Josh Reddick, right, presented him with a jersey during a cere‚Ä¶ https://t.co/N8Aw2fdn26",Mon Mar 12 18:12:13 +0000 2018,0.0,0.0,1.0,0.0,41
Fox News,"RT @VP: Joined @SeanHannity for an interview about North Korea, Trump Tax Cuts, the American economy &amp; jobs, the Administration‚Äôs prioritie‚Ä¶",Mon Mar 12 17:52:50 +0000 2018,-0.296,0.0,0.901,0.099,42
Fox News,College student kicked out of class for telling professor there are only two genders (via @calebparke) https://t.co/eZ2ovmWFMc,Mon Mar 12 17:49:10 +0000 2018,0.0,0.0,1.0,0.0,43
Fox News,Breaking News: Third explosion badly injures elderly woman in Texas city already rocked by pair of deadly blasts https://t.co/FMretQpIyO,Mon Mar 12 17:39:38 +0000 2018,-0.4767,0.0,0.853,0.147,44
Fox News,.@Eminem slams @NRA in iHeartRadio performance: 'They love their guns more than our children' https://t.co/Tm7ocap80e,Mon Mar 12 17:18:00 +0000 2018,0.6369,0.231,0.769,0.0,45
Fox News,Video appears to show final moments before helicopter crashed into NYC's East River https://t.co/JW1SUzHUpC,Mon Mar 12 17:00:07 +0000 2018,0.0,0.0,1.0,0.0,46
Fox News,RT @FoxBusiness: Florida shooting victim‚Äôs father praises Trump‚Äôs gun control measures https://t.co/dxElIJ66oq https://t.co/OLh5XOa65V,Mon Mar 12 16:58:54 +0000 2018,0.25,0.202,0.655,0.143,47
Fox News,"RT @FoxBusiness: .@POTUS to @astros: ""You have great fans. Texas is an amazing place."" https://t.co/reigBNlGMf",Mon Mar 12 16:58:26 +0000 2018,0.836,0.378,0.622,0.0,48
Fox News,#MarchMadness 2018 schedule and what to know https://t.co/nQhSgL864m,Mon Mar 12 16:57:27 +0000 2018,0.0,0.0,1.0,0.0,49
Fox News,"The team you trust. The network you love.

And we‚Äôre just getting started... https://t.co/TbMRErfijj",Mon Mar 12 16:55:55 +0000 2018,0.8176,0.385,0.615,0.0,50
Fox News,.@POTUS: ‚ÄúThe Astros victory for the ages was truly a team effort.‚Äù https://t.co/HHSCyabooi,Mon Mar 12 16:50:34 +0000 2018,0.4404,0.209,0.791,0.0,51
Fox News,.@POTUS on areas impacted by hurricanes: ‚ÄúOur administration will continue to stand by the people of Texas and Flor‚Ä¶ https://t.co/elxw7rmEtH,Mon Mar 12 16:49:22 +0000 2018,0.0,0.0,1.0,0.0,52
Fox News,.@POTUS to all Houston @Astros players and staff: ‚ÄúCongratulations on your incredible victory.‚Äù https://t.co/FkFeHhGRkF,Mon Mar 12 16:41:32 +0000 2018,0.0,0.0,1.0,0.0,53
Fox News,Stormy Daniels offers to return $130G to Trump in exchange for being able to speak about alleged encounter - via‚Ä¶ https://t.co/z1UQOqFXm1,Mon Mar 12 16:38:59 +0000 2018,0.0,0.0,1.0,0.0,54
Fox News,"Happening NOW: @POTUS hosts the 2017 World Series Champions, the Houston @Astros, at the @WhiteHouse https://t.co/8L4g97TgYe",Mon Mar 12 16:35:36 +0000 2018,0.5267,0.185,0.815,0.0,55
Fox News,"President @realDonaldTrump hosts the 2017 World Series Champions, the Houston @astros at the @WhiteHouse https://t.co/PyE7bu4KJl",Mon Mar 12 16:32:09 +0000 2018,0.5267,0.195,0.805,0.0,56
Fox News,.@BetsyDeVosED: ‚ÄúWe‚Äôre going to advance ways in which schools can be made safer for students.‚Äù https://t.co/7bHcOdx1pW,Mon Mar 12 16:26:24 +0000 2018,0.4215,0.157,0.843,0.0,57
Fox News,Pennsylvania special House election pits Conor Lamb against Rick Saccone https://t.co/A5317QYyJD,Mon Mar 12 16:13:39 +0000 2018,0.4019,0.213,0.787,0.0,58
Fox News,"JUST IN: Pair of deadly Austin package explosions linked, officials say https://t.co/FMretQpIyO",Mon Mar 12 15:57:51 +0000 2018,0.0,0.0,1.0,0.0,59
Fox News,Eminem slams NRA in iHeartRadio performance: 'They love their guns more than our children' https://t.co/Tm7ocap80e,Mon Mar 12 15:47:22 +0000 2018,0.6369,0.231,0.769,0.0,60
Fox News,.@NikkiHaley speaks at a @UN Security Council meeting https://t.co/CPAAQwr2Pd,Mon Mar 12 15:43:17 +0000 2018,0.34,0.255,0.745,0.0,61
Fox News,.@SadiqKhan: 'Dereliction of duty' by policy makers for failing to regulate big tech https://t.co/kW3gJOJjiu #FNTech (via @christocarbone),Mon Mar 12 15:32:26 +0000 2018,-0.5106,0.0,0.829,0.171,62
Fox News,.@POTUS: Efforts to raise minimum age for buying long guns 'moving rapidly' https://t.co/GRv4xEppYi,Mon Mar 12 15:25:00 +0000 2018,0.0,0.0,1.0,0.0,63
Fox News,".@Theonlyhonest: ‚ÄúThe president‚Äôs language, his denigration of the media, it‚Äôs beneath the office."" https://t.co/fq7UF78cMd",Mon Mar 12 15:13:48 +0000 2018,0.0,0.0,1.0,0.0,64
Fox News,"Hubert de Givenchy, famed French couturier, dies at 91 https://t.co/zw0jhgiNsc",Mon Mar 12 15:10:29 +0000 2018,0.0,0.0,1.0,0.0,65
Fox News,"Austin package explosion leaves teen dead, woman hurt after second blast in two weeks https://t.co/AnlNDKBZ7j",Mon Mar 12 15:05:00 +0000 2018,-0.8271,0.0,0.628,0.372,66
Fox News,TUNE IN: @VP Mike Pence sits down for an interview with @SeanHannity TONIGHT at 9p ET on Fox News Channel. https://t.co/Q3Nmewrrdj,Mon Mar 12 15:00:03 +0000 2018,0.0,0.0,1.0,0.0,67
Fox News,".@CLewandowski_: ‚ÄúDonald Trump won the election, and there was no collusion.‚Äù https://t.co/ZajUY2ibu7",Mon Mar 12 14:47:15 +0000 2018,0.3612,0.233,0.629,0.138,68
Fox News,".@CLewandowski_ on @POTUS agreeing to meet with Kim Jong Un: ‚ÄúI think it‚Äôs bold."" https://t.co/qvLDbeB4K2",Mon Mar 12 14:39:55 +0000 2018,0.34,0.146,0.854,0.0,69
Fox News,"Pressure grows for Joy Behar to apologize over anti-Christian comments, but ABC is silent https://t.co/kj9iMEW4r3",Mon Mar 12 14:29:24 +0000 2018,0.25,0.209,0.698,0.093,70
Fox News,Report: Liberal Student Orgs Get 20x More Funding Than Conservative Groups at UW-Madison https://t.co/KQ4Yo6guLB,Mon Mar 12 14:27:47 +0000 2018,0.0,0.0,1.0,0.0,71
Fox News,"RT @FoxBusiness: .@POTUS handled North Korea situation correctly, @GOPLeader says https://t.co/rh7D1gmYiY https://t.co/9tY5KPJlNH",Mon Mar 12 14:25:46 +0000 2018,0.0,0.0,1.0,0.0,72
Fox News,Homeless encampment discovered on top of California Amtrak station https://t.co/EVPNENM1Y0,Mon Mar 12 14:21:26 +0000 2018,0.2023,0.167,0.833,0.0,73
Fox News,John Sununu on Trump-Kim Jong Un summit: ‚ÄúThe timing is always right for such a meeting.‚Äù https://t.co/oXwE5jEHEL,Mon Mar 12 14:10:27 +0000 2018,0.0,0.0,1.0,0.0,74
Fox News,National School Walkout planned by students worldwide after Parkland shooting https://t.co/kb5C50S1c0,Mon Mar 12 13:53:36 +0000 2018,-0.3182,0.0,0.813,0.187,75
Fox News,.@Judgenap: ‚Äú[@POTUS] should not talk to Bob Mueller.‚Äù https://t.co/pYkflbzjcl,Mon Mar 12 13:44:30 +0000 2018,0.0,0.0,1.0,0.0,76
Fox News,Dash cam video shows suspect taking off with officer in car during traffic stop https://t.co/CaIrGNF0u7,Mon Mar 12 13:31:59 +0000 2018,-0.5267,0.0,0.747,0.253,77
Fox News,"Ex-Russian spy poisoning looks to be 'state-sponsored,' UK lawmaker says https://t.co/0lmFq0BuhV",Mon Mar 12 13:30:37 +0000 2018,-0.5859,0.0,0.725,0.275,78
Fox News,Alleged missing 'Scientology Queen' the subject of a new Vanity Fair documentary https://t.co/8LSYU6FM41,Mon Mar 12 13:09:43 +0000 2018,-0.2023,0.149,0.584,0.266,79
Fox News,Study: Trump‚Äôs Border Wall Could Pay for Itself by Cutting Welfare to Illegal Immigrants https://t.co/vsyXpvza4M,Mon Mar 12 13:05:55 +0000 2018,-0.6705,0.0,0.649,0.351,80
Fox News,Pilot in deadly East River helicopter crash made frantic 'mayday' call https://t.co/rl92sp78pi,Mon Mar 12 12:47:52 +0000 2018,-0.6808,0.0,0.641,0.359,81
Fox News,.@SenatorTimScott on tax reform: ‚ÄúI think this is an exciting piece of legislation that every single American from‚Ä¶ https://t.co/TxOu4S4xXx,Mon Mar 12 12:45:16 +0000 2018,0.4939,0.151,0.849,0.0,82
Fox News,.@SenatorTimScott: ‚ÄúIt‚Äôs time for us to act‚Ä¶ We have bipartisan legislation that would ultimately fix the backgroun‚Ä¶ https://t.co/A0SaBevmts,Mon Mar 12 12:36:09 +0000 2018,0.0,0.0,1.0,0.0,83
Fox News,Tim McGraw collapses during Ireland concert https://t.co/oh6cetvll8,Mon Mar 12 12:29:21 +0000 2018,-0.296,0.0,0.732,0.268,84
Fox News,Elon Musk's very rapid underground transportation system will feature 150 mph buses https://t.co/FNbS0v0jDS,Mon Mar 12 12:25:23 +0000 2018,0.0,0.0,1.0,0.0,85
Fox News,"Helicopter crashes in New York City's East River; all 5 passengers dead, pilot only survivor https://t.co/EOhQpmwO5v",Mon Mar 12 12:21:29 +0000 2018,-0.4215,0.126,0.657,0.217,86
Fox News,OPINION: Michael Goodwin: Critics bash Trump but offer no solutions of their own https://t.co/0ZTCsfgqzO,Mon Mar 12 12:02:09 +0000 2018,-0.3291,0.117,0.63,0.252,87
Fox News,.@BetsyDeVosED on @foxandfriends: ‚ÄúThe president is committed to taking action and to ensuring that we do what we c‚Ä¶ https://t.co/0lzdMM2ssP,Mon Mar 12 11:44:29 +0000 2018,0.4939,0.189,0.811,0.0,88
Fox News,.@BetsyDeVosED on @foxandfriends: ‚ÄúWe‚Äôre going to advance ways in which schools can be made safer for students.‚Äù‚Ä¶ https://t.co/w6py2Uiaes,Mon Mar 12 11:40:08 +0000 2018,0.4215,0.141,0.859,0.0,89
Fox News,".@BetsyDeVosED on @foxandfriends: ‚ÄúWe have many other venues in our country that are kept safe, and schools have to‚Ä¶ https://t.co/kLFBgwt75e",Mon Mar 12 11:38:41 +0000 2018,0.4404,0.132,0.868,0.0,90
Fox News,".@GOPLeader on @foxandfriends: ""We are a rule of law country. They are breaking down the rule of law by creating a‚Ä¶ https://t.co/ikQHHLyX7K",Mon Mar 12 11:32:45 +0000 2018,0.296,0.099,0.901,0.0,91
Fox News,Jane Goodall says she was worried how son would react to 'Jane' documentary https://t.co/knaoYmuhN7,Mon Mar 12 11:16:05 +0000 2018,-0.296,0.0,0.855,0.145,92
Fox News,"Joel Payne on @foxandfriends: ""There‚Äôs no place for anti-Semitism in the public discourse."" https://t.co/jumgrHz1No",Mon Mar 12 11:09:07 +0000 2018,-0.296,0.0,0.855,0.145,93
Fox News,"Breaking News: At least 38 dead after passenger plane crashes and bursts into flames at Nepal airport, official says https://t.co/u8zf2LZ9wR",Mon Mar 12 11:01:04 +0000 2018,-0.6486,0.0,0.815,0.185,94
Fox News,.@JaniceDean gives an update on the weather on @foxandfriends https://t.co/oiaQ1WQ3Vk,Mon Mar 12 10:58:26 +0000 2018,0.0,0.0,1.0,0.0,95
Fox News,.@dbongino on coffee shop refusing to serve uniformed police officers: ‚ÄúIf something happened in this place...the c‚Ä¶ https://t.co/08niUgbEd9,Mon Mar 12 10:52:58 +0000 2018,-0.4019,0.0,0.863,0.137,96
Fox News,"Pressure grows for 'The View' star Joy Behar to apologize over anti-Christian comments, but ABC is silent https://t.co/kj9iMEW4r3",Mon Mar 12 10:46:01 +0000 2018,0.25,0.178,0.743,0.079,97
Fox News,"OPINION: In Pennsylvania special election, the silence of Democrat Conor Lamb speaks volumes to Trump voters https://t.co/AFVQOOFMN1",Mon Mar 12 10:30:51 +0000 2018,0.4019,0.144,0.856,0.0,98
Fox News,"Joseph Semprevivo on GOP tax plan: When we received those funds, we went to our most dedicated team members and we‚Ä¶ https://t.co/XgGX2vhyAt",Mon Mar 12 10:24:12 +0000 2018,0.5095,0.136,0.864,0.0,99
Fox News,Three-peat! Kevin Harvick wins third @NASCAR Cup race in a row at Phoenix https://t.co/aJosD6xjEJ,Mon Mar 12 10:16:57 +0000 2018,0.6114,0.25,0.75,0.0,100
The New York Times,RT @catrineinhorn: How do you deal with unwanted sexual attention at work when your harasser is the one deciding how much you'll make that‚Ä¶,Mon Mar 12 20:50:08 +0000 2018,-0.6486,0.0,0.806,0.194,1
The New York Times,Need help filling out your NCAA bracket? Here's who the experts are picking. https://t.co/455rnebaNP,Mon Mar 12 20:40:06 +0000 2018,0.4019,0.172,0.828,0.0,2
The New York Times,Here's how to eat less sugar without sacrificing much ‚Äî if any ‚Äî of the pleasures of eating https://t.co/fxiGNa07ct,Mon Mar 12 20:30:18 +0000 2018,0.4404,0.153,0.847,0.0,3
The New York Times,RT @tmagazine: A low-key Swedish island‚Äôs shockingly modern architecture https://t.co/D0A1LWrEiT https://t.co/G5o8EJCHaO,Mon Mar 12 20:20:03 +0000 2018,-0.1779,0.0,0.841,0.159,4
The New York Times,"In Opinion

Op-Ed contributor Peter Suderman writes, ""Republicans, having failed to repeal Obamacare, have stumbled‚Ä¶ https://t.co/tTUAq4ikQN",Mon Mar 12 20:10:06 +0000 2018,-0.5106,0.0,0.82,0.18,5
The New York Times,"A package found outside a home in Austin, Texas, exploded early Monday morning after it was brought inside, killing‚Ä¶ https://t.co/lF4dOLrIQC",Mon Mar 12 20:10:04 +0000 2018,0.0,0.0,1.0,0.0,6
The New York Times,A conviction was overturned in Texas after a judge ordered a defendant to be electrically shocked by a device worn‚Ä¶ https://t.co/pIwnJbA92C,Mon Mar 12 20:00:06 +0000 2018,-0.3182,0.0,0.874,0.126,7
The New York Times,"""Jane Doe,"" the winner of a $560 million Powerball jackpot, can stay anonymous, a New Hampshire judge ruled https://t.co/ijAuSIELeR",Mon Mar 12 19:50:04 +0000 2018,0.5859,0.192,0.808,0.0,8
The New York Times,"And he‚Äôs off! Follow @DanBilefsky on his road trip across Quebec. He'll stop in Montreal, Maniwaki, H√©rouxville, Qu‚Ä¶ https://t.co/ftzf28fWAT",Mon Mar 12 19:44:03 +0000 2018,-0.3595,0.0,0.878,0.122,9
The New York Times,"Women and men all over the country are re-examining sexual encounters from their past. In a 3-part series, ""Dear Su‚Ä¶ https://t.co/pnAW7fbcIf",Mon Mar 12 19:40:14 +0000 2018,0.3818,0.12,0.88,0.0,10
The New York Times,RT @jennydeluxe: Attn Still Processing fans! We're talking to listeners tomorrow at 2PM EST via The NYT Facebook page. Tweet us your ~burni‚Ä¶,Mon Mar 12 19:30:11 +0000 2018,0.0,0.0,1.0,0.0,11
The New York Times,RT @nytvideo: Brenna Huckaby just won gold at the Paralympics. She shared with us what she visualizes during her dream performance: https:/‚Ä¶,Mon Mar 12 19:20:09 +0000 2018,0.7964,0.299,0.701,0.0,12
The New York Times,A new show in Rome lets visitors get up close and dazzled by Michelangelo's Sistine Chapel. Could the immersive exp‚Ä¶ https://t.co/spiL9IZbgj,Mon Mar 12 19:10:04 +0000 2018,0.0,0.0,1.0,0.0,13
The New York Times,Bracketology comes with many assumptions and suppositions. Don‚Äôt fall into these traps. https://t.co/UWcqaLDiAw,Mon Mar 12 19:00:08 +0000 2018,0.0,0.0,1.0,0.0,14
The New York Times,"Why do so many Americans kill one another, and how can the violence be stopped? The CDC quit studying these and oth‚Ä¶ https://t.co/BAsLuUJHER",Mon Mar 12 18:50:08 +0000 2018,-0.8993,0.0,0.646,0.354,15
The New York Times,RT @peterbakernyt: Context: Is economy doing well under Trump? Yes. Was it doing well when he took over? Yes. America has added 2.5 million‚Ä¶,Mon Mar 12 18:40:04 +0000 2018,0.8385,0.332,0.668,0.0,16
The New York Times,"Decades after Diane Arbus‚Äôs death, the question remains: Are her portraits empathetic acknowledgments of a shared h‚Ä¶ https://t.co/TNzCBE3HI6",Mon Mar 12 18:30:05 +0000 2018,0.0516,0.222,0.609,0.17,17
The New York Times,The debate over speech on campus may be growing less relevant. A majority of students say that most political and s‚Ä¶ https://t.co/368cZEycni,Mon Mar 12 18:29:33 +0000 2018,0.1779,0.078,0.922,0.0,18
The New York Times,"A majority of students in every demographic drew a line for hate speech, saying that it does not deserve First Amen‚Ä¶ https://t.co/YfK9Xczh36",Mon Mar 12 18:24:34 +0000 2018,-0.5719,0.0,0.837,0.163,19
The New York Times,Opinions differed widely by demographic. Those who belong to groups historically or currently in positions of power‚Ä¶ https://t.co/ub4megXTkB,Mon Mar 12 18:22:14 +0000 2018,0.0,0.0,1.0,0.0,20
The New York Times,RT @catrineinhorn: How do you deal with unwanted sexual attention at work when your harasser is the one deciding how much you'll make that‚Ä¶,Mon Mar 12 20:50:08 +0000 2018,-0.6486,0.0,0.806,0.194,21
The New York Times,Need help filling out your NCAA bracket? Here's who the experts are picking. https://t.co/455rnebaNP,Mon Mar 12 20:40:06 +0000 2018,0.4019,0.172,0.828,0.0,22
The New York Times,Here's how to eat less sugar without sacrificing much ‚Äî if any ‚Äî of the pleasures of eating https://t.co/fxiGNa07ct,Mon Mar 12 20:30:18 +0000 2018,0.4404,0.153,0.847,0.0,23
The New York Times,RT @tmagazine: A low-key Swedish island‚Äôs shockingly modern architecture https://t.co/D0A1LWrEiT https://t.co/G5o8EJCHaO,Mon Mar 12 20:20:03 +0000 2018,-0.1779,0.0,0.841,0.159,24
The New York Times,"In Opinion

Op-Ed contributor Peter Suderman writes, ""Republicans, having failed to repeal Obamacare, have stumbled‚Ä¶ https://t.co/tTUAq4ikQN",Mon Mar 12 20:10:06 +0000 2018,-0.5106,0.0,0.82,0.18,25
The New York Times,"A package found outside a home in Austin, Texas, exploded early Monday morning after it was brought inside, killing‚Ä¶ https://t.co/lF4dOLrIQC",Mon Mar 12 20:10:04 +0000 2018,0.0,0.0,1.0,0.0,26
The New York Times,A conviction was overturned in Texas after a judge ordered a defendant to be electrically shocked by a device worn‚Ä¶ https://t.co/pIwnJbA92C,Mon Mar 12 20:00:06 +0000 2018,-0.3182,0.0,0.874,0.126,27
The New York Times,"""Jane Doe,"" the winner of a $560 million Powerball jackpot, can stay anonymous, a New Hampshire judge ruled https://t.co/ijAuSIELeR",Mon Mar 12 19:50:04 +0000 2018,0.5859,0.192,0.808,0.0,28
The New York Times,"And he‚Äôs off! Follow @DanBilefsky on his road trip across Quebec. He'll stop in Montreal, Maniwaki, H√©rouxville, Qu‚Ä¶ https://t.co/ftzf28fWAT",Mon Mar 12 19:44:03 +0000 2018,-0.3595,0.0,0.878,0.122,29
The New York Times,"Women and men all over the country are re-examining sexual encounters from their past. In a 3-part series, ""Dear Su‚Ä¶ https://t.co/pnAW7fbcIf",Mon Mar 12 19:40:14 +0000 2018,0.3818,0.12,0.88,0.0,30
The New York Times,RT @jennydeluxe: Attn Still Processing fans! We're talking to listeners tomorrow at 2PM EST via The NYT Facebook page. Tweet us your ~burni‚Ä¶,Mon Mar 12 19:30:11 +0000 2018,0.0,0.0,1.0,0.0,31
The New York Times,RT @nytvideo: Brenna Huckaby just won gold at the Paralympics. She shared with us what she visualizes during her dream performance: https:/‚Ä¶,Mon Mar 12 19:20:09 +0000 2018,0.7964,0.299,0.701,0.0,32
The New York Times,A new show in Rome lets visitors get up close and dazzled by Michelangelo's Sistine Chapel. Could the immersive exp‚Ä¶ https://t.co/spiL9IZbgj,Mon Mar 12 19:10:04 +0000 2018,0.0,0.0,1.0,0.0,33
The New York Times,Bracketology comes with many assumptions and suppositions. Don‚Äôt fall into these traps. https://t.co/UWcqaLDiAw,Mon Mar 12 19:00:08 +0000 2018,0.0,0.0,1.0,0.0,34
The New York Times,"Why do so many Americans kill one another, and how can the violence be stopped? The CDC quit studying these and oth‚Ä¶ https://t.co/BAsLuUJHER",Mon Mar 12 18:50:08 +0000 2018,-0.8993,0.0,0.646,0.354,35
The New York Times,RT @peterbakernyt: Context: Is economy doing well under Trump? Yes. Was it doing well when he took over? Yes. America has added 2.5 million‚Ä¶,Mon Mar 12 18:40:04 +0000 2018,0.8385,0.332,0.668,0.0,36
The New York Times,"Decades after Diane Arbus‚Äôs death, the question remains: Are her portraits empathetic acknowledgments of a shared h‚Ä¶ https://t.co/TNzCBE3HI6",Mon Mar 12 18:30:05 +0000 2018,0.0516,0.222,0.609,0.17,37
The New York Times,The debate over speech on campus may be growing less relevant. A majority of students say that most political and s‚Ä¶ https://t.co/368cZEycni,Mon Mar 12 18:29:33 +0000 2018,0.1779,0.078,0.922,0.0,38
The New York Times,"A majority of students in every demographic drew a line for hate speech, saying that it does not deserve First Amen‚Ä¶ https://t.co/YfK9Xczh36",Mon Mar 12 18:24:34 +0000 2018,-0.5719,0.0,0.837,0.163,39
The New York Times,Opinions differed widely by demographic. Those who belong to groups historically or currently in positions of power‚Ä¶ https://t.co/ub4megXTkB,Mon Mar 12 18:22:14 +0000 2018,0.0,0.0,1.0,0.0,40
The New York Times,"College students believe about equally in free expression and pluralism. But when forced to choose, a majority of s‚Ä¶ https://t.co/9S4wWUkj2o",Mon Mar 12 18:18:53 +0000 2018,0.0772,0.142,0.73,0.129,41
The New York Times,"Free speech on college campuses appears to be under attack, but what do the students themselves think? A new study‚Ä¶ https://t.co/9SLy6HY6Pn",Mon Mar 12 18:16:48 +0000 2018,0.0258,0.097,0.811,0.092,42
The New York Times,"Passengers in a helicopter that fell in the East River were underwater, cinched in harnesses. Divers tried to free‚Ä¶ https://t.co/M4X1nSdaUP",Mon Mar 12 18:00:03 +0000 2018,0.0,0.0,1.0,0.0,43
The New York Times,"After Putin suggested that Jews might have been behind the hacking attack on the 2016 election, top Democrats implo‚Ä¶ https://t.co/1Uq1AmhSaa",Mon Mar 12 17:50:06 +0000 2018,-0.3182,0.079,0.786,0.135,44
The New York Times,"Coercion, abuse, billions seized: As the Saudi crown prince prepares to visit the U.S., we found disturbing aspects‚Ä¶ https://t.co/PFNkmeDkF4",Mon Mar 12 17:40:12 +0000 2018,-0.8176,0.0,0.694,0.306,45
The New York Times,"Breaking News: Prime Minister Theresa May of Britain said it was ""highly likely"" that Russia was behind the poisoni‚Ä¶ https://t.co/wkRIJUY8MC",Mon Mar 12 17:26:21 +0000 2018,0.0,0.0,1.0,0.0,46
The New York Times,Servers and diners: Do you see a connection between tipping and bad behavior? We want to hear from you. https://t.co/yMph3DZJuY,Mon Mar 12 17:21:00 +0000 2018,-0.4939,0.06,0.78,0.161,47
The New York Times,Managers can protect workers by switching a server‚Äôs table or asking an offending customer to leave. But even for b‚Ä¶ https://t.co/UuqB9K3PWu,Mon Mar 12 17:18:00 +0000 2018,-0.2263,0.108,0.705,0.187,48
The New York Times,‚ÄúMost of my day is geared towards how is a man going to feel about me. How can I maximize tips without feeling over‚Ä¶ https://t.co/sYagnb5MBJ,Mon Mar 12 17:15:00 +0000 2018,-0.0951,0.0,0.941,0.059,49
The New York Times,Brittany Gilbert said she used to ‚Äúget so creeped out and weirded out‚Äù by customers‚Äô behavior. But now?‚Ä¶ https://t.co/EXlsS8KNA1,Mon Mar 12 17:12:00 +0000 2018,0.0,0.0,1.0,0.0,50
The New York Times,"Dana Angelo gave a start when a man reached up her skirt and grabbed her. But she stifled a scream, afraid to make‚Ä¶ https://t.co/eunFWoj87c",Mon Mar 12 17:09:00 +0000 2018,-0.5719,0.057,0.735,0.208,51
The New York Times,Working for tips means that each shift comes with questions that don‚Äôt apply to millions of other workers around th‚Ä¶ https://t.co/bgr1lk2s5B,Mon Mar 12 17:06:00 +0000 2018,0.0,0.0,1.0,0.0,52
The New York Times,"We interviewed over 60 servers and bartenders who shared stories of crude comments, groping and even stalking by cu‚Ä¶ https://t.co/n71gDVDGOD",Mon Mar 12 17:03:04 +0000 2018,-0.3182,0.1,0.747,0.154,53
The New York Times,Lewd comments. Sexual overtures. Groping. Restaurant servers put up with a lot in pursuit of the tips they need to‚Ä¶ https://t.co/r9QQLxayb9,Mon Mar 12 17:00:07 +0000 2018,0.0,0.0,1.0,0.0,54
The New York Times,"‚ÄúI have not intentionally visited schools that are underperforming,‚Äù Education Secretary Betsy DeVos said during an‚Ä¶ https://t.co/u5zpeGoLya",Mon Mar 12 16:50:11 +0000 2018,0.0,0.0,1.0,0.0,55
The New York Times,President Trump confirmed his administration wouldn't immediately pursue a proposal to raise the age limit for buyi‚Ä¶ https://t.co/OCkGpsG8g7,Mon Mar 12 16:40:06 +0000 2018,0.0,0.0,1.0,0.0,56
The New York Times,How to stop eating sugar https://t.co/5nYiLNUUsO https://t.co/9mf81TDlPC,Mon Mar 12 16:30:17 +0000 2018,-0.296,0.0,0.732,0.268,57
The New York Times,"RT @nytopinion: Sugar encourages overeating and causes health problems. And Americans are surrounded by it, @DLeonhardt writes https://t.co‚Ä¶",Mon Mar 12 16:20:08 +0000 2018,0.0516,0.134,0.741,0.125,58
The New York Times,"To speak freely about an alleged affair with Donald Trump, the porn star Stormy Daniels offered to return the $130,‚Ä¶ https://t.co/SeVGNgMX8h",Mon Mar 12 16:10:05 +0000 2018,0.4404,0.127,0.873,0.0,59
The New York Times,"RT @NYTSports: On today's front page: The N.C.A.A. ""In Crowd,"" an illustration by @camorris. See who the experts like in this year's tourna‚Ä¶",Mon Mar 12 16:00:20 +0000 2018,0.3612,0.102,0.898,0.0,60
The New York Times,"Antidepressants are widely prescribed, yet questions remain about how effective they are https://t.co/TNaU8NaPb4",Mon Mar 12 15:50:09 +0000 2018,0.4767,0.205,0.795,0.0,61
The New York Times,"For more than 3 decades, her murder remained unsolved. The authorities now have a suspect. https://t.co/GIfW7ZTMM8",Mon Mar 12 15:40:13 +0000 2018,-0.7845,0.0,0.635,0.365,62
The New York Times,"Thank you, daylight saving time https://t.co/fz5uXKRQNR",Mon Mar 12 15:30:08 +0000 2018,0.3612,0.333,0.667,0.0,63
The New York Times,RT @nytimesbusiness: The man in line to be the next CEO of Goldman Sachs has a side hustle we wrote about. https://t.co/QlOhDnwfZ8,Mon Mar 12 15:20:05 +0000 2018,0.0,0.0,1.0,0.0,64
The New York Times,President Trump repeated 6 claims at his weekend rally that were false or lacked context https://t.co/sf0eFOwg3E,Mon Mar 12 15:10:11 +0000 2018,0.0,0.0,1.0,0.0,65
The New York Times,"""These people live on the edge,"" a meteorologist said. ""Any tilt to the poor rains, and they're done."" https://t.co/FFCXp2jrIV",Mon Mar 12 15:00:18 +0000 2018,-0.4767,0.0,0.846,0.154,66
The New York Times,Breaking News: The fashion designer Hubert de Givenchy has died at 91. He dressed the likes of Jacqueline Kennedy O‚Ä¶ https://t.co/008lT8yknx,Mon Mar 12 14:55:17 +0000 2018,-0.2023,0.11,0.748,0.142,67
The New York Times,"For more than a year, Shinzo Abe has deflected allegations that he and his wife were involved in a sweetheart land‚Ä¶ https://t.co/lYomp1oVg5",Mon Mar 12 14:44:03 +0000 2018,0.6486,0.185,0.815,0.0,68
The New York Times,RT @RachelAbramsNY: Does the U.S. tipping system fuel sexual harassment against a major female workforce? @catrineinhorn &amp; I explore https:‚Ä¶,Mon Mar 12 14:39:29 +0000 2018,-0.5423,0.0,0.829,0.171,69
The New York Times,"""A Wrinkle in Time"" arrived to a lackluster $33.3 million in ticket sales in North America over the weekend. ""Black‚Ä¶ https://t.co/TjgllqGBxN",Mon Mar 12 14:31:03 +0000 2018,0.0,0.0,1.0,0.0,70
The New York Times,"At restaurants across America, servers calculate how far is too far, weighing harassing behavior against the tips t‚Ä¶ https://t.co/FXX6QpJw3v",Mon Mar 12 14:21:03 +0000 2018,-0.5423,0.0,0.837,0.163,71
The New York Times,"Goldman Sachs cleared the way for a successor to Lloyd Blankfein as its chief executive: David Solomon, a veteran a‚Ä¶ https://t.co/6E5fy1JMqD",Mon Mar 12 14:10:06 +0000 2018,0.3182,0.163,0.837,0.0,72
The New York Times,Morning¬†Briefing: Here's what you need to know to start your day https://t.co/gDF4hc5bbH https://t.co/qj8aAhYRru,Mon Mar 12 14:00:24 +0000 2018,0.0,0.0,1.0,0.0,73
The New York Times,10 myths about your NCAA bracket https://t.co/WUZtLMS6Ty,Mon Mar 12 13:44:07 +0000 2018,0.0,0.0,1.0,0.0,74
The New York Times,"""Does anyone here know who was imprisoned here?"" the historian asked the class. A boy tentatively raised his hand.‚Ä¶ https://t.co/0auDU5rq4Q",Mon Mar 12 13:30:14 +0000 2018,-0.4588,0.0,0.857,0.143,75
The New York Times,What's the actual story behind the O.J. Simpson interview? Why are we just seeing it now? https://t.co/PVyDlx4Lxk,Mon Mar 12 13:14:06 +0000 2018,0.0,0.0,1.0,0.0,76
The New York Times,"If President Trump pulls out of the Iran deal, Kim Jong-un may well wonder why he should negotiate with the U.S. if‚Ä¶ https://t.co/FviynapRCv",Mon Mar 12 13:00:14 +0000 2018,0.2732,0.087,0.913,0.0,77
The New York Times,A passenger plane from Bangladesh slammed into an empty field and caught fire just short of the runway at the airpo‚Ä¶ https://t.co/OEMiSdiDn6,Mon Mar 12 12:47:04 +0000 2018,-0.4939,0.0,0.819,0.181,78
The New York Times,Dropbox said that it hoped to raise as much as $648 million in its forthcoming stock market debut https://t.co/NU8px87x9W,Mon Mar 12 12:30:10 +0000 2018,0.3818,0.126,0.874,0.0,79
The New York Times,"The White House said it wanted to partner with local officials to provide ""rigorous firearms training"" to school pe‚Ä¶ https://t.co/zkmeykB53C",Mon Mar 12 12:15:05 +0000 2018,-0.2732,0.0,0.9,0.1,80
The New York Times,Morning¬†Briefing: Here's what you need to know to start your day https://t.co/BRF1jDhHED https://t.co/qC87FYsacQ,Mon Mar 12 12:00:12 +0000 2018,0.0,0.0,1.0,0.0,81
The New York Times,Virginia was named the top overall seed in the NCAA tournament bracket released Sunday night https://t.co/9Uou3cTLF8,Mon Mar 12 11:44:01 +0000 2018,0.2023,0.107,0.893,0.0,82
The New York Times,The passengers of the helicopter that crashed into New York's East River were tightly harnessed and had to be cut o‚Ä¶ https://t.co/UnB8VpgQdp,Mon Mar 12 11:31:02 +0000 2018,-0.2732,0.0,0.909,0.091,83
The New York Times,"Under guard at his home, the Venezuelan opposition leader Leopoldo L√≥pez contemplates what might still be possible‚Ä¶ https://t.co/dzKUNMDsJY",Mon Mar 12 11:15:09 +0000 2018,0.0,0.0,1.0,0.0,84
The New York Times,China's National People‚Äôs Congress opened the way for Xi Jinping to rule indefinitely https://t.co/mJx0BQIo5i,Mon Mar 12 11:00:22 +0000 2018,0.0,0.0,1.0,0.0,85
The New York Times,"A commercial flight from Bangladesh crashed at the main airport in Kathmandu, Nepal. Images on social media showed‚Ä¶ https://t.co/N5kY8PQlqr",Mon Mar 12 10:46:04 +0000 2018,0.0,0.0,1.0,0.0,86
The New York Times,Morning¬†Briefing: Here's what you need to know to start your day https://t.co/3s1HzoHGZJ https://t.co/plW9QYD9WG,Mon Mar 12 10:30:13 +0000 2018,0.0,0.0,1.0,0.0,87
The New York Times,‚ÄúThe level of tension between the United States and its major trading partners is probably more tense than it has b‚Ä¶ https://t.co/XOO7jEBeRX,Mon Mar 12 10:13:02 +0000 2018,-0.2944,0.105,0.709,0.186,88
The New York Times,Stormy Daniels and her lawyer are pursuing an aggressive strategy to pressure President Trump https://t.co/2HvRcRYtJW,Mon Mar 12 09:59:02 +0000 2018,-0.4215,0.0,0.774,0.226,89
The New York Times,"RT @nytimesworld: Brussels is astir after a bureaucratic sleight-of-hand put Martin Selmayr, a German lawyer and chief of staff to Jean-Cla‚Ä¶",Mon Mar 12 09:45:07 +0000 2018,0.0,0.0,1.0,0.0,90
The New York Times,Marine Le Pen hopes a rebranding may reinvigorate the struggling National Front party https://t.co/JsZhJwAJzf,Mon Mar 12 09:30:09 +0000 2018,0.7184,0.427,0.437,0.136,91
The New York Times,How to stop eating sugar https://t.co/PdGvwhkpaH,Mon Mar 12 09:00:06 +0000 2018,-0.296,0.0,0.694,0.306,92
The New York Times,RT @nytimesworld: He wears tennis shoes and rides a bike. He gave away 70% of his lawmaker salary. Meet a 28-year-old in Mexico who is insp‚Ä¶,Mon Mar 12 08:44:04 +0000 2018,0.0,0.0,1.0,0.0,93
The New York Times,"In the early days of the crackdown, at least 17 detainees were hospitalized for physical abuse and one later died i‚Ä¶ https://t.co/HgAtozyyl1",Mon Mar 12 08:31:03 +0000 2018,-0.8316,0.0,0.719,0.281,94
The New York Times,"RT @nytimesworld: British counterterrorism police are investigating hate-filled letters that call for April 3 to be ""Punish a Muslim Day"" h‚Ä¶",Mon Mar 12 08:26:05 +0000 2018,-0.5267,0.0,0.841,0.159,95
The New York Times,"Low-effort, high-reward cooking for when you're hungry and exhausted https://t.co/K9SWuw17id https://t.co/PeaVpZS4bB",Mon Mar 12 08:11:27 +0000 2018,-0.3612,0.0,0.8,0.2,96
The New York Times,"Today, forgive yourself for putting off that one thing (you know what thing) and just finish it https://t.co/Q4v15Tj701",Mon Mar 12 07:52:51 +0000 2018,0.2732,0.11,0.89,0.0,97
The New York Times,News Analysis: A Sudden Promotion Raises Questions in the Brussels Bubble https://t.co/ArZFkCu7dK,Mon Mar 12 07:34:57 +0000 2018,0.0,0.0,1.0,0.0,98
The New York Times,The phone booth is back. Kind of. https://t.co/nVYxT4REOp,Mon Mar 12 07:20:42 +0000 2018,0.0,0.0,1.0,0.0,99
The New York Times,It‚Äôs Tax Time! Here‚Äôs What to Know This Year https://t.co/nZiCkce8kK,Mon Mar 12 07:02:43 +0000 2018,0.0,0.0,1.0,0.0,100
